{
    "refreshIntervalHrs": 24,
    "dailyPurchaseHrs": 24,
    "expiration": "2029-12-13T23:59:00.000Z",
    "storefronts": [
        {
            "name": "BRDailyStorefront",
            "catalogEntries": [
                {
                    "offerId": ":/2515bd6e-2ae0-433a-a9c3-84bbf7075287",
                    "offerType": "StaticPrice",
                    "devName": "[VIRTUAL] 1x AthenaPickaxe:Pickaxe_ID_319_CavalryBanditFemale1H for 500 MtxCurrency",
                    "itemGrants": [
                        {
                            "templateId": "AthenaPickaxe:Pickaxe_ID_319_CavalryBanditFemale1H",
                            "quantity": 1
                        }
                    ],
                    "requirements": [
                        {
                            "requirementType": "DenyOnItemOwnership",
                            "requiredId": "AthenaPickaxe:Pickaxe_ID_319_CavalryBanditFemale1H",
                            "minQuantity": 1
                        }
                    ],
                    "categories": [],
                    "metaInfo": [
                        {
                            "key": "TileSize",
                            "value": "Small"
                        },
                        {
                            "key": "SectionId",
                            "value": "Daily"
                        }
                    ],
                    "meta": {
                        "SectionId": "Daily",
                        "TileSize": "Small"
                    },
                    "giftInfo": {
                        "bIsEnabled": true,
                        "forcedGiftBoxTemplateId": "",
                        "purchaseRequirements": [
                            {
                                "requirementType": "DenyOnItemOwnership",
                                "requiredId": "AthenaPickaxe:Pickaxe_ID_319_CavalryBanditFemale1H",
                                "minQuantity": 1
                            }
                        ],
                        "giftRecordIds": []
                    },
                    "prices": [
                        {
                            "currencySubType": "Currency",
                            "currencyType": "MtxCurrency",
                            "dynamicRegularPrice": -1,
                            "saleExpiration": "9999-12-31T23:59:59.999Z",
                            "basePrice": 500,
                            "regularPrice": 500,
                            "finalPrice": 500
                        }
                    ],
                    "bannerOverride": "",
                    "displayAssetPath": "",
                    "NewDisplayAssetPath": "",
                    "refundable": true,
                    "title": "",
                    "description": "",
                    "shortDescription": "",
                    "appStoreId": [],
                    "fulfillmentIds": [],
                    "dailyLimit": -1,
                    "weeklyLimit": -1,
                    "monthlyLimit": -1,
                    "sortPriority": 0,
                    "catalogGroupPriority": 0,
                    "filterWeight": 0
                },
                {
                    "offerId": ":/d986f2df-6b4e-4ef3-8cd8-d51949d725f0",
                    "offerType": "StaticPrice",
                    "devName": "[VIRTUAL] 1x AthenaCharacter:CID_648_Athena_Commando_F_MsAlpine for 1200 MtxCurrency",
                    "itemGrants": [
                        {
                            "templateId": "AthenaCharacter:CID_648_Athena_Commando_F_MsAlpine",
                            "quantity": 1
                        }
                    ],
                    "requirements": [
                        {
                            "requirementType": "DenyOnItemOwnership",
                            "requiredId": "AthenaCharacter:CID_648_Athena_Commando_F_MsAlpine",
                            "minQuantity": 1
                        }
                    ],
                    "categories": [],
                    "metaInfo": [
                        {
                            "key": "TileSize",
                            "value": "Small"
                        },
                        {
                            "key": "SectionId",
                            "value": "Daily"
                        }
                    ],
                    "meta": {
                        "SectionId": "Daily",
                        "TileSize": "Small"
                    },
                    "giftInfo": {
                        "bIsEnabled": true,
                        "forcedGiftBoxTemplateId": "",
                        "purchaseRequirements": [
                            {
                                "requirementType": "DenyOnItemOwnership",
                                "requiredId": "AthenaCharacter:CID_648_Athena_Commando_F_MsAlpine",
                                "minQuantity": 1
                            }
                        ],
                        "giftRecordIds": []
                    },
                    "prices": [
                        {
                            "currencySubType": "Currency",
                            "currencyType": "MtxCurrency",
                            "dynamicRegularPrice": -1,
                            "saleExpiration": "9999-12-31T23:59:59.999Z",
                            "basePrice": 1200,
                            "regularPrice": 1200,
                            "finalPrice": 1200
                        }
                    ],
                    "bannerOverride": "",
                    "displayAssetPath": "",
                    "NewDisplayAssetPath": "",
                    "refundable": true,
                    "title": "",
                    "description": "",
                    "shortDescription": "",
                    "appStoreId": [],
                    "fulfillmentIds": [],
                    "dailyLimit": -1,
                    "weeklyLimit": -1,
                    "monthlyLimit": -1,
                    "sortPriority": 0,
                    "catalogGroupPriority": 0,
                    "filterWeight": 0
                },
                {
                    "offerId": ":/094a8024-3ae0-4901-8d1b-fd427842d67d",
                    "offerType": "StaticPrice",
                    "devName": "[VIRTUAL] 1x AthenaCharacter:CID_598_Athena_Commando_M_Mastermind for 1500 MtxCurrency",
                    "itemGrants": [
                        {
                            "templateId": "AthenaCharacter:CID_598_Athena_Commando_M_Mastermind",
                            "quantity": 1
                        }
                    ],
                    "requirements": [
                        {
                            "requirementType": "DenyOnItemOwnership",
                            "requiredId": "AthenaCharacter:CID_598_Athena_Commando_M_Mastermind",
                            "minQuantity": 1
                        }
                    ],
                    "categories": [],
                    "metaInfo": [
                        {
                            "key": "TileSize",
                            "value": "Small"
                        },
                        {
                            "key": "SectionId",
                            "value": "Daily"
                        }
                    ],
                    "meta": {
                        "SectionId": "Daily",
                        "TileSize": "Small"
                    },
                    "giftInfo": {
                        "bIsEnabled": true,
                        "forcedGiftBoxTemplateId": "",
                        "purchaseRequirements": [
                            {
                                "requirementType": "DenyOnItemOwnership",
                                "requiredId": "AthenaCharacter:CID_598_Athena_Commando_M_Mastermind",
                                "minQuantity": 1
                            }
                        ],
                        "giftRecordIds": []
                    },
                    "prices": [
                        {
                            "currencySubType": "Currency",
                            "currencyType": "MtxCurrency",
                            "dynamicRegularPrice": -1,
                            "saleExpiration": "9999-12-31T23:59:59.999Z",
                            "basePrice": 1500,
                            "regularPrice": 1500,
                            "finalPrice": 1500
                        }
                    ],
                    "bannerOverride": "",
                    "displayAssetPath": "",
                    "NewDisplayAssetPath": "",
                    "refundable": true,
                    "title": "",
                    "description": "",
                    "shortDescription": "",
                    "appStoreId": [],
                    "fulfillmentIds": [],
                    "dailyLimit": -1,
                    "weeklyLimit": -1,
                    "monthlyLimit": -1,
                    "sortPriority": 0,
                    "catalogGroupPriority": 0,
                    "filterWeight": 0
                },
                {
                    "offerId": ":/f2e2bb20-18bd-4481-ab8d-7f51cf5cf25b",
                    "offerType": "StaticPrice",
                    "devName": "[VIRTUAL] 1x AthenaItemWrap:Wrap_072_TeriyakiFish for 300 MtxCurrency",
                    "itemGrants": [
                        {
                            "templateId": "AthenaItemWrap:Wrap_072_TeriyakiFish",
                            "quantity": 1
                        }
                    ],
                    "requirements": [
                        {
                            "requirementType": "DenyOnItemOwnership",
                            "requiredId": "AthenaItemWrap:Wrap_072_TeriyakiFish",
                            "minQuantity": 1
                        }
                    ],
                    "categories": [],
                    "metaInfo": [
                        {
                            "key": "TileSize",
                            "value": "Small"
                        },
                        {
                            "key": "SectionId",
                            "value": "Daily"
                        }
                    ],
                    "meta": {
                        "SectionId": "Daily",
                        "TileSize": "Small"
                    },
                    "giftInfo": {
                        "bIsEnabled": true,
                        "forcedGiftBoxTemplateId": "",
                        "purchaseRequirements": [
                            {
                                "requirementType": "DenyOnItemOwnership",
                                "requiredId": "AthenaItemWrap:Wrap_072_TeriyakiFish",
                                "minQuantity": 1
                            }
                        ],
                        "giftRecordIds": []
                    },
                    "prices": [
                        {
                            "currencySubType": "Currency",
                            "currencyType": "MtxCurrency",
                            "dynamicRegularPrice": -1,
                            "saleExpiration": "9999-12-31T23:59:59.999Z",
                            "basePrice": 300,
                            "regularPrice": 300,
                            "finalPrice": 300
                        }
                    ],
                    "bannerOverride": "",
                    "displayAssetPath": "",
                    "NewDisplayAssetPath": "",
                    "refundable": true,
                    "title": "",
                    "description": "",
                    "shortDescription": "",
                    "appStoreId": [],
                    "fulfillmentIds": [],
                    "dailyLimit": -1,
                    "weeklyLimit": -1,
                    "monthlyLimit": -1,
                    "sortPriority": 0,
                    "catalogGroupPriority": 0,
                    "filterWeight": 0
                },
                {
                    "offerId": ":/a05f3b3f-4c9b-4831-918e-e7239089e96a",
                    "offerType": "StaticPrice",
                    "devName": "[VIRTUAL] 1x AthenaGlider:Glider_ID_203_TwinDarkFemale for 800 MtxCurrency",
                    "itemGrants": [
                        {
                            "templateId": "AthenaGlider:Glider_ID_203_TwinDarkFemale",
                            "quantity": 1
                        }
                    ],
                    "requirements": [
                        {
                            "requirementType": "DenyOnItemOwnership",
                            "requiredId": "AthenaGlider:Glider_ID_203_TwinDarkFemale",
                            "minQuantity": 1
                        }
                    ],
                    "categories": [],
                    "metaInfo": [
                        {
                            "key": "TileSize",
                            "value": "Small"
                        },
                        {
                            "key": "SectionId",
                            "value": "Daily"
                        }
                    ],
                    "meta": {
                        "SectionId": "Daily",
                        "TileSize": "Small"
                    },
                    "giftInfo": {
                        "bIsEnabled": true,
                        "forcedGiftBoxTemplateId": "",
                        "purchaseRequirements": [
                            {
                                "requirementType": "DenyOnItemOwnership",
                                "requiredId": "AthenaGlider:Glider_ID_203_TwinDarkFemale",
                                "minQuantity": 1
                            }
                        ],
                        "giftRecordIds": []
                    },
                    "prices": [
                        {
                            "currencySubType": "Currency",
                            "currencyType": "MtxCurrency",
                            "dynamicRegularPrice": -1,
                            "saleExpiration": "9999-12-31T23:59:59.999Z",
                            "basePrice": 800,
                            "regularPrice": 800,
                            "finalPrice": 800
                        }
                    ],
                    "bannerOverride": "",
                    "displayAssetPath": "",
                    "NewDisplayAssetPath": "",
                    "refundable": true,
                    "title": "",
                    "description": "",
                    "shortDescription": "",
                    "appStoreId": [],
                    "fulfillmentIds": [],
                    "dailyLimit": -1,
                    "weeklyLimit": -1,
                    "monthlyLimit": -1,
                    "sortPriority": 0,
                    "catalogGroupPriority": 0,
                    "filterWeight": 0
                },
                {
                    "offerId": ":/1c6589ea-af3c-40d3-8b42-013eabc2625c",
                    "offerType": "StaticPrice",
                    "devName": "[VIRTUAL] 1x AthenaGlider:Glider_ID_045_CarbideBlack for 1200 MtxCurrency",
                    "itemGrants": [
                        {
                            "templateId": "AthenaGlider:Glider_ID_045_CarbideBlack",
                            "quantity": 1
                        }
                    ],
                    "requirements": [
                        {
                            "requirementType": "DenyOnItemOwnership",
                            "requiredId": "AthenaGlider:Glider_ID_045_CarbideBlack",
                            "minQuantity": 1
                        }
                    ],
                    "categories": [],
                    "metaInfo": [
                        {
                            "key": "TileSize",
                            "value": "Small"
                        },
                        {
                            "key": "SectionId",
                            "value": "Daily"
                        }
                    ],
                    "meta": {
                        "SectionId": "Daily",
                        "TileSize": "Small"
                    },
                    "giftInfo": {
                        "bIsEnabled": true,
                        "forcedGiftBoxTemplateId": "",
                        "purchaseRequirements": [
                            {
                                "requirementType": "DenyOnItemOwnership",
                                "requiredId": "AthenaGlider:Glider_ID_045_CarbideBlack",
                                "minQuantity": 1
                            }
                        ],
                        "giftRecordIds": []
                    },
                    "prices": [
                        {
                            "currencySubType": "Currency",
                            "currencyType": "MtxCurrency",
                            "dynamicRegularPrice": -1,
                            "saleExpiration": "9999-12-31T23:59:59.999Z",
                            "basePrice": 1200,
                            "regularPrice": 1200,
                            "finalPrice": 1200
                        }
                    ],
                    "bannerOverride": "",
                    "displayAssetPath": "",
                    "NewDisplayAssetPath": "",
                    "refundable": true,
                    "title": "",
                    "description": "",
                    "shortDescription": "",
                    "appStoreId": [],
                    "fulfillmentIds": [],
                    "dailyLimit": -1,
                    "weeklyLimit": -1,
                    "monthlyLimit": -1,
                    "sortPriority": 0,
                    "catalogGroupPriority": 0,
                    "filterWeight": 0
                }
            ]
        },
        {
            "name": "BRWeeklyStorefront",
            "catalogEntries": [
                {
                    "offerId": "v2:/1bbfa1df-8ff9-4b99-818f-06b1833b97c2",
                    "offerType": "StaticPrice",
                    "devName": "[VIRTUAL] 1x AthenaCharacter:CID_314_Athena_Commando_M_Krampus for 2000 MtxCurrency",
                    "itemGrants": [
                        {
                            "templateId": "AthenaCharacter:CID_314_Athena_Commando_M_Krampus",
                            "quantity": 1
                        }
                    ],
                    "requirements": [
                        {
                            "requirementType": "DenyOnItemOwnership",
                            "requiredId": "AthenaCharacter:CID_314_Athena_Commando_M_Krampus",
                            "minQuantity": 1
                        }
                    ],
                    "categories": [
                        "Krampus"
                    ],
                    "metaInfo": [
                        {
                            "key": "DisplayAssetPath",
                            "value": "/Game/Catalog/DisplayAssets/DA_Featured_CID_314_Athena_Commando_M_Krampus.DA_Featured_CID_314_Athena_Commando_M_Krampus"
                        },
                        {
                            "key": "NewDisplayAssetPath",
                            "value": "/Game/Catalog/NewDisplayAssets/DAv2_Featured_CID_314_Athena_Commando_M_Krampus.DAv2_Featured_CID_314_Athena_Commando_M_Krampus"
                        },
                        {
                            "key": "TileSize",
                            "value": "Normal"
                        },
                        {
                            "key": "SectionId",
                            "value": "Featured"
                        }
                    ],
                    "meta": {
                        "NewDisplayAssetPath": "/Game/Catalog/NewDisplayAssets/DAv2_Featured_CID_314_Athena_Commando_M_Krampus.DAv2_Featured_CID_314_Athena_Commando_M_Krampus",
                        "displayAssetPath": "/Game/Catalog/DisplayAssets/DA_Featured_CID_314_Athena_Commando_M_Krampus.DA_Featured_CID_314_Athena_Commando_M_Krampus",
                        "SectionId": "Featured",
                        "TileSize": "Normal"
                    },
                    "giftInfo": {
                        "bIsEnabled": true,
                        "forcedGiftBoxTemplateId": "",
                        "purchaseRequirements": [
                            {
                                "requirementType": "DenyOnItemOwnership",
                                "requiredId": "AthenaCharacter:CID_314_Athena_Commando_M_Krampus",
                                "minQuantity": 1
                            }
                        ],
                        "giftRecordIds": []
                    },
                    "prices": [
                        {
                            "currencySubType": "Currency",
                            "currencyType": "MtxCurrency",
                            "dynamicRegularPrice": -1,
                            "saleExpiration": "9999-12-31T23:59:59.999Z",
                            "basePrice": 2000,
                            "regularPrice": 2000,
                            "finalPrice": 2000
                        }
                    ],
                    "bannerOverride": "",
                    "displayAssetPath": "/Game/Catalog/DisplayAssets/DA_Featured_CID_314_Athena_Commando_M_Krampus.DA_Featured_CID_314_Athena_Commando_M_Krampus",
                    "NewDisplayAssetPath": "/Game/Catalog/NewDisplayAssets/DAv2_Featured_CID_314_Athena_Commando_M_Krampus.DAv2_Featured_CID_314_Athena_Commando_M_Krampus",
                    "refundable": true,
                    "title": "",
                    "description": "",
                    "shortDescription": "",
                    "appStoreId": [],
                    "fulfillmentIds": [],
                    "dailyLimit": -1,
                    "weeklyLimit": -1,
                    "monthlyLimit": -1,
                    "sortPriority": 0,
                    "catalogGroupPriority": 0,
                    "filterWeight": 0
                },
                {
                    "offerId": "v2:/75641d3b-16c8-4e0f-bdbb-a7a14ad54a8b",
                    "offerType": "StaticPrice",
                    "devName": "[VIRTUAL] 1x AthenaGlider:Glider_ID_108_Krampus for 1200 MtxCurrency",
                    "itemGrants": [
                        {
                            "templateId": "AthenaGlider:Glider_ID_108_Krampus",
                            "quantity": 1
                        }
                    ],
                    "requirements": [
                        {
                            "requirementType": "DenyOnItemOwnership",
                            "requiredId": "AthenaGlider:Glider_ID_108_Krampus",
                            "minQuantity": 1
                        }
                    ],
                    "categories": [
                        "Krampus"
                    ],
                    "metaInfo": [
                        {
                            "key": "DisplayAssetPath",
                            "value": "/Game/Catalog/DisplayAssets/DA_Featured_Glider_ID_108_Krampus.DA_Featured_Glider_ID_108_Krampus"
                        },
                        {
                            "key": "NewDisplayAssetPath",
                            "value": "/Game/Catalog/NewDisplayAssets/DAv2_Featured_Glider_ID_108_Krampus.DAv2_Featured_Glider_ID_108_Krampus"
                        },
                        {
                            "key": "TileSize",
                            "value": "Normal"
                        },
                        {
                            "key": "SectionId",
                            "value": "Featured"
                        }
                    ],
                    "meta": {
                        "NewDisplayAssetPath": "/Game/Catalog/NewDisplayAssets/DAv2_Featured_Glider_ID_108_Krampus.DAv2_Featured_Glider_ID_108_Krampus",
                        "displayAssetPath": "/Game/Catalog/DisplayAssets/DA_Featured_Glider_ID_108_Krampus.DA_Featured_Glider_ID_108_Krampus",
                        "SectionId": "Featured",
                        "TileSize": "Normal"
                    },
                    "giftInfo": {
                        "bIsEnabled": true,
                        "forcedGiftBoxTemplateId": "",
                        "purchaseRequirements": [
                            {
                                "requirementType": "DenyOnItemOwnership",
                                "requiredId": "AthenaGlider:Glider_ID_108_Krampus",
                                "minQuantity": 1
                            }
                        ],
                        "giftRecordIds": []
                    },
                    "prices": [
                        {
                            "currencySubType": "Currency",
                            "currencyType": "MtxCurrency",
                            "dynamicRegularPrice": -1,
                            "saleExpiration": "9999-12-31T23:59:59.999Z",
                            "basePrice": 1200,
                            "regularPrice": 1200,
                            "finalPrice": 1200
                        }
                    ],
                    "bannerOverride": "",
                    "displayAssetPath": "/Game/Catalog/DisplayAssets/DA_Featured_Glider_ID_108_Krampus.DA_Featured_Glider_ID_108_Krampus",
                    "NewDisplayAssetPath": "/Game/Catalog/NewDisplayAssets/DAv2_Featured_Glider_ID_108_Krampus.DAv2_Featured_Glider_ID_108_Krampus",
                    "refundable": true,
                    "title": "",
                    "description": "",
                    "shortDescription": "",
                    "appStoreId": [],
                    "fulfillmentIds": [],
                    "dailyLimit": -1,
                    "weeklyLimit": -1,
                    "monthlyLimit": -1,
                    "sortPriority": 0,
                    "catalogGroupPriority": 0,
                    "filterWeight": 0
                },
                {
                    "offerId": "v2:/2ea39456-69d9-40ca-b7ab-796a4b3edcbe",
                    "offerType": "StaticPrice",
                    "devName": "[VIRTUAL] 1x AthenaCharacter:CID_299_Athena_Commando_M_SnowNinja for 1500 MtxCurrency",
                    "itemGrants": [
                        {
                            "templateId": "AthenaCharacter:CID_299_Athena_Commando_M_SnowNinja",
                            "quantity": 1
                        }
                    ],
                    "requirements": [
                        {
                            "requirementType": "DenyOnItemOwnership",
                            "requiredId": "AthenaCharacter:CID_299_Athena_Commando_M_SnowNinja",
                            "minQuantity": 1
                        }
                    ],
                    "categories": [
                        "SnowNinja"
                    ],
                    "metaInfo": [
                        {
                            "key": "DisplayAssetPath",
                            "value": "/Game/Catalog/DisplayAssets/DA_Featured_CID_299_Athena_Commando_M_SnowNinja.DA_Featured_CID_299_Athena_Commando_M_SnowNinja"
                        },
                        {
                            "key": "NewDisplayAssetPath",
                            "value": "/Game/Catalog/NewDisplayAssets/DAv2_Featured_CID_299_Athena_Commando_M_SnowNinja.DAv2_Featured_CID_299_Athena_Commando_M_SnowNinja"
                        },
                        {
                            "key": "TileSize",
                            "value": "Normal"
                        },
                        {
                            "key": "SectionId",
                            "value": "Featured"
                        }
                    ],
                    "meta": {
                        "NewDisplayAssetPath": "/Game/Catalog/NewDisplayAssets/DAv2_Featured_CID_299_Athena_Commando_M_SnowNinja.DAv2_Featured_CID_299_Athena_Commando_M_SnowNinja",
                        "displayAssetPath": "/Game/Catalog/DisplayAssets/DA_Featured_CID_299_Athena_Commando_M_SnowNinja.DA_Featured_CID_299_Athena_Commando_M_SnowNinja",
                        "SectionId": "Featured",
                        "TileSize": "Normal"
                    },
                    "giftInfo": {
                        "bIsEnabled": true,
                        "forcedGiftBoxTemplateId": "",
                        "purchaseRequirements": [
                            {
                                "requirementType": "DenyOnItemOwnership",
                                "requiredId": "AthenaCharacter:CID_299_Athena_Commando_M_SnowNinja",
                                "minQuantity": 1
                            }
                        ],
                        "giftRecordIds": []
                    },
                    "prices": [
                        {
                            "currencySubType": "Currency",
                            "currencyType": "MtxCurrency",
                            "dynamicRegularPrice": -1,
                            "saleExpiration": "9999-12-31T23:59:59.999Z",
                            "basePrice": 1500,
                            "regularPrice": 1500,
                            "finalPrice": 1500
                        }
                    ],
                    "bannerOverride": "",
                    "displayAssetPath": "/Game/Catalog/DisplayAssets/DA_Featured_CID_299_Athena_Commando_M_SnowNinja.DA_Featured_CID_299_Athena_Commando_M_SnowNinja",
                    "NewDisplayAssetPath": "/Game/Catalog/NewDisplayAssets/DAv2_Featured_CID_299_Athena_Commando_M_SnowNinja.DAv2_Featured_CID_299_Athena_Commando_M_SnowNinja",
                    "refundable": true,
                    "title": "",
                    "description": "",
                    "shortDescription": "",
                    "appStoreId": [],
                    "fulfillmentIds": [],
                    "dailyLimit": -1,
                    "weeklyLimit": -1,
                    "monthlyLimit": -1,
                    "sortPriority": 0,
                    "catalogGroupPriority": 0,
                    "filterWeight": 0
                },
                {
                    "offerId": "v2:/24eceae4-601c-44ce-8d36-d6f89a1a1d96",
                    "offerType": "StaticPrice",
                    "devName": "[VIRTUAL] 1x AthenaCharacter:CID_329_Athena_Commando_F_SnowNinja for 1500 MtxCurrency",
                    "itemGrants": [
                        {
                            "templateId": "AthenaCharacter:CID_329_Athena_Commando_F_SnowNinja",
                            "quantity": 1
                        }
                    ],
                    "requirements": [
                        {
                            "requirementType": "DenyOnItemOwnership",
                            "requiredId": "AthenaCharacter:CID_329_Athena_Commando_F_SnowNinja",
                            "minQuantity": 1
                        }
                    ],
                    "categories": [
                        "SnowNinja"
                    ],
                    "metaInfo": [
                        {
                            "key": "DisplayAssetPath",
                            "value": "/Game/Catalog/DisplayAssets/DA_Featured_CID_329_Athena_Commando_F_SnowNinja.DA_Featured_CID_329_Athena_Commando_F_SnowNinja"
                        },
                        {
                            "key": "NewDisplayAssetPath",
                            "value": "/Game/Catalog/NewDisplayAssets/DAv2_Featured_CID_329_Athena_Commando_F_SnowNinja.DAv2_Featured_CID_329_Athena_Commando_F_SnowNinja"
                        },
                        {
                            "key": "TileSize",
                            "value": "Normal"
                        },
                        {
                            "key": "SectionId",
                            "value": "Featured"
                        }
                    ],
                    "meta": {
                        "NewDisplayAssetPath": "/Game/Catalog/NewDisplayAssets/DAv2_Featured_CID_329_Athena_Commando_F_SnowNinja.DAv2_Featured_CID_329_Athena_Commando_F_SnowNinja",
                        "displayAssetPath": "/Game/Catalog/DisplayAssets/DA_Featured_CID_329_Athena_Commando_F_SnowNinja.DA_Featured_CID_329_Athena_Commando_F_SnowNinja",
                        "SectionId": "Featured",
                        "TileSize": "Normal"
                    },
                    "giftInfo": {
                        "bIsEnabled": true,
                        "forcedGiftBoxTemplateId": "",
                        "purchaseRequirements": [
                            {
                                "requirementType": "DenyOnItemOwnership",
                                "requiredId": "AthenaCharacter:CID_329_Athena_Commando_F_SnowNinja",
                                "minQuantity": 1
                            }
                        ],
                        "giftRecordIds": []
                    },
                    "prices": [
                        {
                            "currencySubType": "Currency",
                            "currencyType": "MtxCurrency",
                            "dynamicRegularPrice": -1,
                            "saleExpiration": "9999-12-31T23:59:59.999Z",
                            "basePrice": 1500,
                            "regularPrice": 1500,
                            "finalPrice": 1500
                        }
                    ],
                    "bannerOverride": "",
                    "displayAssetPath": "/Game/Catalog/DisplayAssets/DA_Featured_CID_329_Athena_Commando_F_SnowNinja.DA_Featured_CID_329_Athena_Commando_F_SnowNinja",
                    "NewDisplayAssetPath": "/Game/Catalog/NewDisplayAssets/DAv2_Featured_CID_329_Athena_Commando_F_SnowNinja.DAv2_Featured_CID_329_Athena_Commando_F_SnowNinja",
                    "refundable": true,
                    "title": "",
                    "description": "",
                    "shortDescription": "",
                    "appStoreId": [],
                    "fulfillmentIds": [],
                    "dailyLimit": -1,
                    "weeklyLimit": -1,
                    "monthlyLimit": -1,
                    "sortPriority": 0,
                    "catalogGroupPriority": 0,
                    "filterWeight": 0
                },
                {
                    "offerId": "v2:/1a8f08a7-ca95-4040-8e27-8884007d56b7",
                    "offerType": "StaticPrice",
                    "devName": "[VIRTUAL] 1x AthenaCharacter:CID_670_Athena_Commando_F_ArcticCamo for 800 MtxCurrency",
                    "itemGrants": [
                        {
                            "templateId": "AthenaCharacter:CID_670_Athena_Commando_F_ArcticCamo",
                            "quantity": 1
                        }
                    ],
                    "requirements": [
                        {
                            "requirementType": "DenyOnItemOwnership",
                            "requiredId": "AthenaCharacter:CID_670_Athena_Commando_F_ArcticCamo",
                            "minQuantity": 1
                        }
                    ],
                    "categories": [
                        "AlwaysFrozen"
                    ],
                    "metaInfo": [
                        {
                            "key": "DisplayAssetPath",
                            "value": "/Game/Catalog/DisplayAssets/DA_Featured_CID_670_Athena_Commando_F_ArcticCamo.DA_Featured_CID_670_Athena_Commando_F_ArcticCamo"
                        },
                        {
                            "key": "NewDisplayAssetPath",
                            "value": "/Game/Catalog/NewDisplayAssets/DAv2_Featured_CID_670_Athena_Commando_F_ArcticCamo.DAv2_Featured_CID_670_Athena_Commando_F_ArcticCamo"
                        },
                        {
                            "key": "TileSize",
                            "value": "Normal"
                        },
                        {
                            "key": "SectionId",
                            "value": "Featured"
                        }
                    ],
                    "meta": {
                        "NewDisplayAssetPath": "/Game/Catalog/NewDisplayAssets/DAv2_Featured_CID_670_Athena_Commando_F_ArcticCamo.DAv2_Featured_CID_670_Athena_Commando_F_ArcticCamo",
                        "displayAssetPath": "/Game/Catalog/DisplayAssets/DA_Featured_CID_670_Athena_Commando_F_ArcticCamo.DA_Featured_CID_670_Athena_Commando_F_ArcticCamo",
                        "SectionId": "Featured",
                        "TileSize": "Normal"
                    },
                    "giftInfo": {
                        "bIsEnabled": true,
                        "forcedGiftBoxTemplateId": "",
                        "purchaseRequirements": [
                            {
                                "requirementType": "DenyOnItemOwnership",
                                "requiredId": "AthenaCharacter:CID_670_Athena_Commando_F_ArcticCamo",
                                "minQuantity": 1
                            }
                        ],
                        "giftRecordIds": []
                    },
                    "prices": [
                        {
                            "currencySubType": "Currency",
                            "currencyType": "MtxCurrency",
                            "dynamicRegularPrice": -1,
                            "saleExpiration": "9999-12-31T23:59:59.999Z",
                            "basePrice": 800,
                            "regularPrice": 800,
                            "finalPrice": 800
                        }
                    ],
                    "bannerOverride": "",
                    "displayAssetPath": "/Game/Catalog/DisplayAssets/DA_Featured_CID_670_Athena_Commando_F_ArcticCamo.DA_Featured_CID_670_Athena_Commando_F_ArcticCamo",
                    "NewDisplayAssetPath": "/Game/Catalog/NewDisplayAssets/DAv2_Featured_CID_670_Athena_Commando_F_ArcticCamo.DAv2_Featured_CID_670_Athena_Commando_F_ArcticCamo",
                    "refundable": true,
                    "title": "",
                    "description": "",
                    "shortDescription": "",
                    "appStoreId": [],
                    "fulfillmentIds": [],
                    "dailyLimit": -1,
                    "weeklyLimit": -1,
                    "monthlyLimit": -1,
                    "sortPriority": 0,
                    "catalogGroupPriority": 0,
                    "filterWeight": 0
                },
                {
                    "offerId": "v2:/9db0dea9-c50e-46c2-ac3e-e7ef56b9f9ce",
                    "offerType": "StaticPrice",
                    "devName": "[VIRTUAL] 1x AthenaCharacter:CID_671_Athena_Commando_F_ArcticCamo_Dark for 800 MtxCurrency",
                    "itemGrants": [
                        {
                            "templateId": "AthenaCharacter:CID_671_Athena_Commando_F_ArcticCamo_Dark",
                            "quantity": 1
                        }
                    ],
                    "requirements": [
                        {
                            "requirementType": "DenyOnItemOwnership",
                            "requiredId": "AthenaCharacter:CID_671_Athena_Commando_F_ArcticCamo_Dark",
                            "minQuantity": 1
                        }
                    ],
                    "categories": [
                        "AlwaysFrozen"
                    ],
                    "metaInfo": [
                        {
                            "key": "DisplayAssetPath",
                            "value": "/Game/Catalog/DisplayAssets/DA_Featured_CID_671_Athena_Commando_F_ArcticCamo_Dark.DA_Featured_CID_671_Athena_Commando_F_ArcticCamo_Dark"
                        },
                        {
                            "key": "NewDisplayAssetPath",
                            "value": "/Game/Catalog/NewDisplayAssets/DAv2_Featured_CID_671_Athena_Commando_F_ArcticCamo_Dark.DAv2_Featured_CID_671_Athena_Commando_F_ArcticCamo_Dark"
                        },
                        {
                            "key": "TileSize",
                            "value": "Normal"
                        },
                        {
                            "key": "SectionId",
                            "value": "Featured"
                        }
                    ],
                    "meta": {
                        "NewDisplayAssetPath": "/Game/Catalog/NewDisplayAssets/DAv2_Featured_CID_671_Athena_Commando_F_ArcticCamo_Dark.DAv2_Featured_CID_671_Athena_Commando_F_ArcticCamo_Dark",
                        "displayAssetPath": "/Game/Catalog/DisplayAssets/DA_Featured_CID_671_Athena_Commando_F_ArcticCamo_Dark.DA_Featured_CID_671_Athena_Commando_F_ArcticCamo_Dark",
                        "SectionId": "Featured",
                        "TileSize": "Normal"
                    },
                    "giftInfo": {
                        "bIsEnabled": true,
                        "forcedGiftBoxTemplateId": "",
                        "purchaseRequirements": [
                            {
                                "requirementType": "DenyOnItemOwnership",
                                "requiredId": "AthenaCharacter:CID_671_Athena_Commando_F_ArcticCamo_Dark",
                                "minQuantity": 1
                            }
                        ],
                        "giftRecordIds": []
                    },
                    "prices": [
                        {
                            "currencySubType": "Currency",
                            "currencyType": "MtxCurrency",
                            "dynamicRegularPrice": -1,
                            "saleExpiration": "9999-12-31T23:59:59.999Z",
                            "basePrice": 800,
                            "regularPrice": 800,
                            "finalPrice": 800
                        }
                    ],
                    "bannerOverride": "",
                    "displayAssetPath": "/Game/Catalog/DisplayAssets/DA_Featured_CID_671_Athena_Commando_F_ArcticCamo_Dark.DA_Featured_CID_671_Athena_Commando_F_ArcticCamo_Dark",
                    "NewDisplayAssetPath": "/Game/Catalog/NewDisplayAssets/DAv2_Featured_CID_671_Athena_Commando_F_ArcticCamo_Dark.DAv2_Featured_CID_671_Athena_Commando_F_ArcticCamo_Dark",
                    "refundable": true,
                    "title": "",
                    "description": "",
                    "shortDescription": "",
                    "appStoreId": [],
                    "fulfillmentIds": [],
                    "dailyLimit": -1,
                    "weeklyLimit": -1,
                    "monthlyLimit": -1,
                    "sortPriority": 0,
                    "catalogGroupPriority": 0,
                    "filterWeight": 0
                },
                {
                    "offerId": "v2:/4849b8d3-f8a7-4124-b20d-bd888518a927",
                    "offerType": "StaticPrice",
                    "devName": "[VIRTUAL] 1x AthenaCharacter:CID_672_Athena_Commando_F_ArcticCamo_Gray for 800 MtxCurrency",
                    "itemGrants": [
                        {
                            "templateId": "AthenaCharacter:CID_672_Athena_Commando_F_ArcticCamo_Gray",
                            "quantity": 1
                        }
                    ],
                    "requirements": [
                        {
                            "requirementType": "DenyOnItemOwnership",
                            "requiredId": "AthenaCharacter:CID_672_Athena_Commando_F_ArcticCamo_Gray",
                            "minQuantity": 1
                        }
                    ],
                    "categories": [
                        "AlwaysFrozen"
                    ],
                    "metaInfo": [
                        {
                            "key": "DisplayAssetPath",
                            "value": "/Game/Catalog/DisplayAssets/DA_Featured_CID_672_Athena_Commando_F_ArcticCamo_Gray.DA_Featured_CID_672_Athena_Commando_F_ArcticCamo_Gray"
                        },
                        {
                            "key": "NewDisplayAssetPath",
                            "value": "/Game/Catalog/NewDisplayAssets/DAv2_Featured_CID_672_Athena_Commando_F_ArcticCamo_Gray.DAv2_Featured_CID_672_Athena_Commando_F_ArcticCamo_Gray"
                        },
                        {
                            "key": "TileSize",
                            "value": "Normal"
                        },
                        {
                            "key": "SectionId",
                            "value": "Featured"
                        }
                    ],
                    "meta": {
                        "NewDisplayAssetPath": "/Game/Catalog/NewDisplayAssets/DAv2_Featured_CID_672_Athena_Commando_F_ArcticCamo_Gray.DAv2_Featured_CID_672_Athena_Commando_F_ArcticCamo_Gray",
                        "displayAssetPath": "/Game/Catalog/DisplayAssets/DA_Featured_CID_672_Athena_Commando_F_ArcticCamo_Gray.DA_Featured_CID_672_Athena_Commando_F_ArcticCamo_Gray",
                        "SectionId": "Featured",
                        "TileSize": "Normal"
                    },
                    "giftInfo": {
                        "bIsEnabled": true,
                        "forcedGiftBoxTemplateId": "",
                        "purchaseRequirements": [
                            {
                                "requirementType": "DenyOnItemOwnership",
                                "requiredId": "AthenaCharacter:CID_672_Athena_Commando_F_ArcticCamo_Gray",
                                "minQuantity": 1
                            }
                        ],
                        "giftRecordIds": []
                    },
                    "prices": [
                        {
                            "currencySubType": "Currency",
                            "currencyType": "MtxCurrency",
                            "dynamicRegularPrice": -1,
                            "saleExpiration": "9999-12-31T23:59:59.999Z",
                            "basePrice": 800,
                            "regularPrice": 800,
                            "finalPrice": 800
                        }
                    ],
                    "bannerOverride": "",
                    "displayAssetPath": "/Game/Catalog/DisplayAssets/DA_Featured_CID_672_Athena_Commando_F_ArcticCamo_Gray.DA_Featured_CID_672_Athena_Commando_F_ArcticCamo_Gray",
                    "NewDisplayAssetPath": "/Game/Catalog/NewDisplayAssets/DAv2_Featured_CID_672_Athena_Commando_F_ArcticCamo_Gray.DAv2_Featured_CID_672_Athena_Commando_F_ArcticCamo_Gray",
                    "refundable": true,
                    "title": "",
                    "description": "",
                    "shortDescription": "",
                    "appStoreId": [],
                    "fulfillmentIds": [],
                    "dailyLimit": -1,
                    "weeklyLimit": -1,
                    "monthlyLimit": -1,
                    "sortPriority": 0,
                    "catalogGroupPriority": 0,
                    "filterWeight": 0
                },
                {
                    "offerId": "v2:/1de9d9a7-dfcd-4946-b9d7-652e3fd6eb2f",
                    "offerType": "StaticPrice",
                    "devName": "[VIRTUAL] 1x AthenaCharacter:CID_673_Athena_Commando_F_ArcticCamo_Slate for 800 MtxCurrency",
                    "itemGrants": [
                        {
                            "templateId": "AthenaCharacter:CID_673_Athena_Commando_F_ArcticCamo_Slate",
                            "quantity": 1
                        }
                    ],
                    "requirements": [
                        {
                            "requirementType": "DenyOnItemOwnership",
                            "requiredId": "AthenaCharacter:CID_673_Athena_Commando_F_ArcticCamo_Slate",
                            "minQuantity": 1
                        }
                    ],
                    "categories": [
                        "AlwaysFrozen"
                    ],
                    "metaInfo": [
                        {
                            "key": "DisplayAssetPath",
                            "value": "/Game/Catalog/DisplayAssets/DA_Featured_CID_673_Athena_Commando_F_ArcticCamo_Slate.DA_Featured_CID_673_Athena_Commando_F_ArcticCamo_Slate"
                        },
                        {
                            "key": "NewDisplayAssetPath",
                            "value": "/Game/Catalog/NewDisplayAssets/DAv2_Featured_CID_673_Athena_Commando_F_ArcticCamo_Slate.DAv2_Featured_CID_673_Athena_Commando_F_ArcticCamo_Slate"
                        },
                        {
                            "key": "TileSize",
                            "value": "Normal"
                        },
                        {
                            "key": "SectionId",
                            "value": "Featured"
                        }
                    ],
                    "meta": {
                        "NewDisplayAssetPath": "/Game/Catalog/NewDisplayAssets/DAv2_Featured_CID_673_Athena_Commando_F_ArcticCamo_Slate.DAv2_Featured_CID_673_Athena_Commando_F_ArcticCamo_Slate",
                        "displayAssetPath": "/Game/Catalog/DisplayAssets/DA_Featured_CID_673_Athena_Commando_F_ArcticCamo_Slate.DA_Featured_CID_673_Athena_Commando_F_ArcticCamo_Slate",
                        "SectionId": "Featured",
                        "TileSize": "Normal"
                    },
                    "giftInfo": {
                        "bIsEnabled": true,
                        "forcedGiftBoxTemplateId": "",
                        "purchaseRequirements": [
                            {
                                "requirementType": "DenyOnItemOwnership",
                                "requiredId": "AthenaCharacter:CID_673_Athena_Commando_F_ArcticCamo_Slate",
                                "minQuantity": 1
                            }
                        ],
                        "giftRecordIds": []
                    },
                    "prices": [
                        {
                            "currencySubType": "Currency",
                            "currencyType": "MtxCurrency",
                            "dynamicRegularPrice": -1,
                            "saleExpiration": "9999-12-31T23:59:59.999Z",
                            "basePrice": 800,
                            "regularPrice": 800,
                            "finalPrice": 800
                        }
                    ],
                    "bannerOverride": "",
                    "displayAssetPath": "/Game/Catalog/DisplayAssets/DA_Featured_CID_673_Athena_Commando_F_ArcticCamo_Slate.DA_Featured_CID_673_Athena_Commando_F_ArcticCamo_Slate",
                    "NewDisplayAssetPath": "/Game/Catalog/NewDisplayAssets/DAv2_Featured_CID_673_Athena_Commando_F_ArcticCamo_Slate.DAv2_Featured_CID_673_Athena_Commando_F_ArcticCamo_Slate",
                    "refundable": true,
                    "title": "",
                    "description": "",
                    "shortDescription": "",
                    "appStoreId": [],
                    "fulfillmentIds": [],
                    "dailyLimit": -1,
                    "weeklyLimit": -1,
                    "monthlyLimit": -1,
                    "sortPriority": 0,
                    "catalogGroupPriority": 0,
                    "filterWeight": 0
                }
            ]
        }
    ]
}
