{
    "refreshIntervalHrs": 99,
    "dailyPurchaseHrs": 24,
    "expiration": "9999-12-11T01:00:00.000Z",
    "storefronts": [
      {
        "name": "BRWeeklyStorefront",
        "catalogEntries": [
          {
            "devName": "[VIRTUAL]1 x Funny Thing for -9 MtxCurrency",
            "fulfillmentIds": [],
            "dailyLimit": -1,
            "weeklyLimit": -1,
            "monthlyLimit": -1,
            "categories": [],
            "prices": [
              {
                "currencyType": "MtxCurrency",
                "currencySubType": "",
                "regularPrice": -999999,
                "dynamicRegularPrice": -999999,
                "finalPrice": -999999,
                "saleExpiration": "9999-12-31T23:59:59",
                "basePrice": -999999
              }
            ],
            "matchFilter": "",
            "filterWeight": 0.0,
            "appStoreId": [],
            "requirements": [
              {
                "requirementType": "DenyOnItemOwnership",
                "minQuantity": 1,
                "requiredId": "AthenaCharacter:Character_RareDelightSail"
              }
            ],
            "offerType": "StaticPrice",
            "giftInfo": {
              "bIsEnabled": true,
              "forcedGiftBoxTemplateId": "",
              "purchaseRequirements": [],
              "giftRecordIds": []
            },
            "refundable": true,
            "itemGrants": [
              {
                "quantity": 10,
                "templateId": "AthenaCharacter:Character_RareDelightSail"
              }
            ],
            "additionalGrants": [],
            "sortPriority": -2,
            "catalogGroupPriority": 0,
            "offerId": "v2:/kw8GEziSd4OlkuH1e3MBlH463Ai3VBc29Cn5nOTBYJNks",
            "meta": {
              "AnalyticOfferGroupId": "ISTHISNEEDED??",
              "FirstSeen": "31/12/9999",
              "NewDisplayAssetPath": "/Game/Catalog/NewDisplayAssets/S28/DAv2_Character_RareDelightSail.DAv2_Character_RareDelightSail",
              "SectionId": "Daily",
              "LayoutId": "Daily.1",
              "TileSize": "Size_1_x_2"
            },
            "metaInfo": [
              {
                "key": "NewDisplayAssetPath",
                "value": "/Game/Catalog/NewDisplayAssets/S28/DAv2_Character_RareDelightSail.DAv2_Character_RareDelightSail"
              },
              {
                "key": "SectionId",
                "value": "Daily"
              },
              {
                "key": "TileSize",
                "value": "Size_1_x_2"
              },
              {
                "key": "LayoutId",
                "value": "Daily.1"
              }
            ],
            "displayAssetPath": "/Game/Catalog/DisplayAssets/DA_Featured_Character_RareDelightSail.DA_Featured_Character_RareDelightSail"
          }
        ]
      },
      {
        "name": "TokensForGiftableItems",
        "catalogEntries": [
          {
            "offerId": "02A0B24240C2528B435EF4817E89070F",
            "devName": "Glow Select",
            "offerType": "StaticPrice",
            "prices": [
              {
                "currencyType": "RealMoney",
                "currencySubType": "",
                "regularPrice": 0,
                "dynamicRegularPrice": -1,
                "finalPrice": 0,
                "saleExpiration": "9999-12-31T23:59:59.999Z",
                "basePrice": 0
              }
            ],
            "categories": [],
            "dailyLimit": -1,
            "weeklyLimit": -1,
            "monthlyLimit": -1,
            "refundable": false,
            "appStoreId": [
              "",
              "",
              "",
              "",
              "",
              "",
              "",
              "",
              "",
              "sam_glow",
              "",
              ""
            ],
            "requirements": [
              {
                "requirementType": "DenyOnFulfillment",
                "requiredId": "230FA67742DD9570005A8C82D81A33FC",
                "minQuantity": 1
              }
            ],
            "metaInfo": [],
            "catalogGroup": "",
            "catalogGroupPriority": 0,
            "sortPriority": 0,
            "title": "Glow",
            "shortDescription": "",
            "description": "The aura of victory glows bright.",
            "displayAssetPath": "/Game/Catalog/DisplayAssets/DA_Featured_CID_479_Athena_Commando_F_Davinci.DA_Featured_CID_479_Athena_Commando_F_Davinci",
            "itemGrants": [
              {
                "templateId": "Token:giftglowtoken",
                "quantity": 1,
                "attributes": {}
              }
            ]
          }
        ]
      },
      {
        "name": "BRSeason11",
        "catalogEntries": [
          {
            "offerId": "571D433C47E98F020EF099894CAF3B6A",
            "devName": "BR.Season11.BattlePass.01",
            "offerType": "StaticPrice",
            "prices": [
              {
                "currencyType": "MtxCurrency",
                "currencySubType": "",
                "regularPrice": 950,
                "dynamicRegularPrice": -1,
                "finalPrice": 950,
                "saleExpiration": "9999-12-31T23:59:59.999Z",
                "basePrice": 950
              }
            ],
            "categories": [],
            "dailyLimit": -1,
            "weeklyLimit": -1,
            "monthlyLimit": -1,
            "refundable": false,
            "appStoreId": [
              "",
              "",
              "",
              "",
              "",
              "",
              "",
              "",
              "",
              "",
              "",
              ""
            ],
            "requirements": [
              {
                "requirementType": "DenyOnFulfillment",
                "requiredId": "571D433C47E98F020EF099894CAF3B6A",
                "minQuantity": 1
              }
            ],
            "metaInfo": [
              {
                "key": "Preroll",
                "value": "False"
              }
            ],
            "catalogGroup": "",
            "catalogGroupPriority": 0,
            "sortPriority": 1,
            "title": "Battle Pass",
            "shortDescription": "Chapter 2 - Season 1",
            "description": "Chapter 2 - Season 1 through February 6. \n\nInstantly get these items\n  \u2022 <ItemName>Turk | Riptide</> Outfit\n  \u2022 <ItemName>Journey | Hazard</> Outfit\n\n\nPlay to level up your Battle Pass, unlocking <Bold>over 100 rewards</> !\n  \u2022 <ItemName>Fusion</> and <Bold>4 more Outfits</>\n  \u2022 <Bold>1,500 V-Bucks</>\n  \u2022 7 Emotes\n  \u2022 6 Wraps\n  \u2022 6 Harvesting Tools\n  \u2022 5 Gliders\n  \u2022 6 Back Blings\n  \u2022 5 Contrails\n  \u2022 8 Sprays\n  \u2022 3 Music Tracks\n  \u2022 16 Loading Screens\n  \u2022 and so much more!\nWant it all faster? You can use V-Bucks to buy rewards any time!",
            "displayAssetPath": "/Game/Catalog/DisplayAssets/DA_BR_Season11_BattlePass.DA_BR_Season11_BattlePass",
            "itemGrants": []
          },
          {
            "offerId": "70DBDA11425B10AF7A005D82DB54BC59",
            "devName": "BR.Season11.SingleTier.01",
            "offerType": "StaticPrice",
            "prices": [
              {
                "currencyType": "MtxCurrency",
                "currencySubType": "",
                "regularPrice": 150,
                "dynamicRegularPrice": -1,
                "finalPrice": 150,
                "saleExpiration": "9999-12-31T23:59:59.999Z",
                "basePrice": 150
              }
            ],
            "categories": [],
            "dailyLimit": -1,
            "weeklyLimit": -1,
            "monthlyLimit": -1,
            "refundable": false,
            "appStoreId": [
              "",
              "",
              "",
              "",
              "",
              "",
              "",
              "",
              "",
              "",
              "",
              ""
            ],
            "requirements": [],
            "metaInfo": [
              {
                "key": "Preroll",
                "value": "False"
              }
            ],
            "catalogGroup": "",
            "catalogGroupPriority": 0,
            "sortPriority": 0,
            "title": "Battle Pass Level",
            "shortDescription": "",
            "description": "Get great rewards now!",
            "displayAssetPath": "",
            "itemGrants": []
          },
          {
            "offerId": "93E992BC45D487A943D769845441ABA5",
            "devName": "BR.Season11.BattleBundle.01",
            "offerType": "StaticPrice",
            "prices": [
              {
                "currencyType": "MtxCurrency",
                "currencySubType": "",
                "regularPrice": 4700,
                "dynamicRegularPrice": -1,
                "finalPrice": 2800,
                "saleType": "PercentOff",
                "saleExpiration": "9999-12-31T23:59:59.999Z",
                "basePrice": 2800
              }
            ],
            "categories": [],
            "dailyLimit": -1,
            "weeklyLimit": -1,
            "monthlyLimit": -1,
            "refundable": false,
            "appStoreId": [
              "",
              "",
              "",
              "",
              "",
              "",
              "",
              "",
              "",
              "",
              "",
              ""
            ],
            "requirements": [
              {
                "requirementType": "DenyOnFulfillment",
                "requiredId": "571D433C47E98F020EF099894CAF3B6A",
                "minQuantity": 1
              },
              {
                "requirementType": "DenyOnItemOwnership",
                "requiredId": "Token:athena_s11_nobattlebundleoption_token",
                "minQuantity": 1
              }
            ],
            "metaInfo": [
              {
                "key": "Preroll",
                "value": "False"
              }
            ],
            "catalogGroup": "",
            "catalogGroupPriority": 0,
            "sortPriority": 0,
            "title": "Battle Bundle",
            "shortDescription": "Battle Pass + 25 levels!",
            "description": "Chapter 2 - Season 1 through February 6.\n\nInstantly get these items\n  \u2022  <ItemName>Turk | Riptide</> Outfit\n  \u2022 <ItemName>Journey | Hazard</> Outfit\n  \u2022 <ItemName>Rippley | Sludge</> Outfit\n  \u2022 <ItemName>Respect The Peace</> Emote\n  \u2022 <ItemName>Sky Trawler</> Glider\n  \u2022 <ItemName>Riptide </> Wrap\n  \u2022 <ItemName> Slurpstream</> Contrails\n  \u2022 <ItemName>Storm Shredder </> Music Track\n  \u2022  400 V-Bucks  \n  \u2022 and more!\n\nPlay to level up your Battle Pass, unlocking <Bold>over 75 rewards</>!\n  \u2022 <Bold>4 more Outfits</>\n  \u2022 <Bold>1,200 V-Bucks</>\n  \u2022 5 Emotes\n  \u2022 5 Wraps\n  \u2022 5 Harvesting Tools\n  \u2022 4 Gliders\n  \u2022 4 Back Blings\n  \u2022 4 Contrails\n  \u2022 5 Sprays\n  \u2022 2 Music Tracks\n  \u2022 13 Loading Screens\n  \u2022 and so much more!\nWant it all faster? You can use V-Bucks to buy rewards any time!",
            "displayAssetPath": "/Game/Catalog/DisplayAssets/DA_BR_Season11_BattlePassWithLevels.DA_BR_Season11_BattlePassWithLevels",
            "itemGrants": []
          }
        ]
      },
      {
        "name": "BRSeason12",
        "catalogEntries": []
      },
      {
        "name": "BRDailyStorefront",
        "catalogEntries": []
      }
    ]
  }