{
  "created": "",
  "updated": "",
  "rvn": 3,
  "wipeNumber": 1,
  "accountId": "",
  "profileId": "common_core",
  "version": "no_version",
  "items": {
    "Currency:MtxPurchased": {
      "templateId": "Currency:MtxPurchased",
      "attributes": {
        "platform": "EpicPC"
      },
      "quantity": 0
    },
    "HomebaseBannerColor:DefaultColor1": {
      "templateId": "HomebaseBannerColor:DefaultColor1",
      "attributes": {
        "item_seen": true
      },
      "quantity": 1
    },
    "HomebaseBannerColor:DefaultColor2": {
      "templateId": "HomebaseBannerColor:DefaultColor2",
      "attributes": {
        "item_seen": true
      },
      "quantity": 1
    },
    "HomebaseBannerColor:DefaultColor3": {
      "templateId": "HomebaseBannerColor:DefaultColor3",
      "attributes": {
        "item_seen": true
      },
      "quantity": 1
    },
    "HomebaseBannerColor:DefaultColor4": {
      "templateId": "HomebaseBannerColor:DefaultColor4",
      "attributes": {
        "item_seen": true
      },
      "quantity": 1
    },
    "HomebaseBannerColor:DefaultColor5": {
      "templateId": "HomebaseBannerColor:DefaultColor5",
      "attributes": {
        "item_seen": true
      },
      "quantity": 1
    },
    "HomebaseBannerColor:DefaultColor6": {
      "templateId": "HomebaseBannerColor:DefaultColor6",
      "attributes": {
        "item_seen": true
      },
      "quantity": 1
    },
    "HomebaseBannerColor:DefaultColor7": {
      "templateId": "HomebaseBannerColor:DefaultColor7",
      "attributes": {
        "item_seen": true
      },
      "quantity": 1
    },
    "HomebaseBannerColor:DefaultColor8": {
      "templateId": "HomebaseBannerColor:DefaultColor8",
      "attributes": {
        "item_seen": true
      },
      "quantity": 1
    },
    "HomebaseBannerColor:DefaultColor9": {
      "templateId": "HomebaseBannerColor:DefaultColor9",
      "attributes": {
        "item_seen": true
      },
      "quantity": 1
    },
    "HomebaseBannerColor:DefaultColor10": {
      "templateId": "HomebaseBannerColor:DefaultColor10",
      "attributes": {
        "item_seen": true
      },
      "quantity": 1
    },
    "HomebaseBannerColor:DefaultColor11": {
      "templateId": "HomebaseBannerColor:DefaultColor11",
      "attributes": {
        "item_seen": true
      },
      "quantity": 1
    },
    "HomebaseBannerColor:DefaultColor12": {
      "templateId": "HomebaseBannerColor:DefaultColor12",
      "attributes": {
        "item_seen": true
      },
      "quantity": 1
    },
    "HomebaseBannerColor:DefaultColor13": {
      "templateId": "HomebaseBannerColor:DefaultColor13",
      "attributes": {
        "item_seen": true
      },
      "quantity": 1
    },
    "HomebaseBannerColor:DefaultColor14": {
      "templateId": "HomebaseBannerColor:DefaultColor14",
      "attributes": {
        "item_seen": true
      },
      "quantity": 1
    },
    "HomebaseBannerColor:DefaultColor15": {
      "templateId": "HomebaseBannerColor:DefaultColor15",
      "attributes": {
        "item_seen": true
      },
      "quantity": 1
    },
    "HomebaseBannerColor:DefaultColor16": {
      "templateId": "HomebaseBannerColor:DefaultColor16",
      "attributes": {
        "item_seen": true
      },
      "quantity": 1
    },
    "HomebaseBannerColor:DefaultColor17": {
      "templateId": "HomebaseBannerColor:DefaultColor17",
      "attributes": {
        "item_seen": true
      },
      "quantity": 1
    },
    "HomebaseBannerColor:DefaultColor18": {
      "templateId": "HomebaseBannerColor:DefaultColor18",
      "attributes": {
        "item_seen": true
      },
      "quantity": 1
    },
    "HomebaseBannerColor:DefaultColor19": {
      "templateId": "HomebaseBannerColor:DefaultColor19",
      "attributes": {
        "item_seen": true
      },
      "quantity": 1
    },
    "HomebaseBannerColor:DefaultColor20": {
      "templateId": "HomebaseBannerColor:DefaultColor20",
      "attributes": {
        "item_seen": true
      },
      "quantity": 1
    },
    "HomebaseBannerColor:DefaultColor21": {
      "templateId": "HomebaseBannerColor:DefaultColor21",
      "attributes": {
        "item_seen": true
      },
      "quantity": 1
    },
    "HomebaseBannerIcon:StandardBanner1": {
      "templateId": "HomebaseBannerIcon:StandardBanner1",
      "attributes": {
        "item_seen": true
      },
      "quantity": 1
    },
    "HomebaseBannerIcon:StandardBanner2": {
      "templateId": "HomebaseBannerIcon:StandardBanner2",
      "attributes": {
        "item_seen": true
      },
      "quantity": 1
    },
    "HomebaseBannerIcon:StandardBanner3": {
      "templateId": "HomebaseBannerIcon:StandardBanner3",
      "attributes": {
        "item_seen": true
      },
      "quantity": 1
    },
    "HomebaseBannerIcon:StandardBanner4": {
      "templateId": "HomebaseBannerIcon:StandardBanner4",
      "attributes": {
        "item_seen": true
      },
      "quantity": 1
    },
    "HomebaseBannerIcon:StandardBanner5": {
      "templateId": "HomebaseBannerIcon:StandardBanner5",
      "attributes": {
        "item_seen": true
      },
      "quantity": 1
    },
    "HomebaseBannerIcon:StandardBanner6": {
      "templateId": "HomebaseBannerIcon:StandardBanner6",
      "attributes": {
        "item_seen": true
      },
      "quantity": 1
    },
    "HomebaseBannerIcon:StandardBanner7": {
      "templateId": "HomebaseBannerIcon:StandardBanner7",
      "attributes": {
        "item_seen": true
      },
      "quantity": 1
    },
    "HomebaseBannerIcon:StandardBanner8": {
      "templateId": "HomebaseBannerIcon:StandardBanner8",
      "attributes": {
        "item_seen": true
      },
      "quantity": 1
    },
    "HomebaseBannerIcon:StandardBanner9": {
      "templateId": "HomebaseBannerIcon:StandardBanner9",
      "attributes": {
        "item_seen": true
      },
      "quantity": 1
    },
    "HomebaseBannerIcon:StandardBanner10": {
      "templateId": "HomebaseBannerIcon:StandardBanner10",
      "attributes": {
        "item_seen": true
      },
      "quantity": 1
    },
    "HomebaseBannerIcon:StandardBanner11": {
      "templateId": "HomebaseBannerIcon:StandardBanner11",
      "attributes": {
        "item_seen": true
      },
      "quantity": 1
    },
    "HomebaseBannerIcon:StandardBanner12": {
      "templateId": "HomebaseBannerIcon:StandardBanner12",
      "attributes": {
        "item_seen": true
      },
      "quantity": 1
    },
    "HomebaseBannerIcon:StandardBanner13": {
      "templateId": "HomebaseBannerIcon:StandardBanner13",
      "attributes": {
        "item_seen": true
      },
      "quantity": 1
    },
    "HomebaseBannerIcon:StandardBanner14": {
      "templateId": "HomebaseBannerIcon:StandardBanner14",
      "attributes": {
        "item_seen": true
      },
      "quantity": 1
    },
    "HomebaseBannerIcon:StandardBanner15": {
      "templateId": "HomebaseBannerIcon:StandardBanner15",
      "attributes": {
        "item_seen": true
      },
      "quantity": 1
    },
    "HomebaseBannerIcon:StandardBanner16": {
      "templateId": "HomebaseBannerIcon:StandardBanner16",
      "attributes": {
        "item_seen": true
      },
      "quantity": 1
    },
    "HomebaseBannerIcon:StandardBanner17": {
      "templateId": "HomebaseBannerIcon:StandardBanner17",
      "attributes": {
        "item_seen": true
      },
      "quantity": 1
    },
    "HomebaseBannerIcon:StandardBanner18": {
      "templateId": "HomebaseBannerIcon:StandardBanner18",
      "attributes": {
        "item_seen": true
      },
      "quantity": 1
    },
    "HomebaseBannerIcon:StandardBanner19": {
      "templateId": "HomebaseBannerIcon:StandardBanner19",
      "attributes": {
        "item_seen": true
      },
      "quantity": 1
    },
    "HomebaseBannerIcon:StandardBanner20": {
      "templateId": "HomebaseBannerIcon:StandardBanner20",
      "attributes": {
        "item_seen": true
      },
      "quantity": 1
    },
    "HomebaseBannerIcon:StandardBanner21": {
      "templateId": "HomebaseBannerIcon:StandardBanner21",
      "attributes": {
        "item_seen": true
      },
      "quantity": 1
    },
    "HomebaseBannerIcon:StandardBanner22": {
      "templateId": "HomebaseBannerIcon:StandardBanner22",
      "attributes": {
        "item_seen": true
      },
      "quantity": 1
    },
    "HomebaseBannerIcon:StandardBanner23": {
      "templateId": "HomebaseBannerIcon:StandardBanner23",
      "attributes": {
        "item_seen": true
      },
      "quantity": 1
    },
    "HomebaseBannerIcon:StandardBanner24": {
      "templateId": "HomebaseBannerIcon:StandardBanner24",
      "attributes": {
        "item_seen": true
      },
      "quantity": 1
    },
    "HomebaseBannerIcon:StandardBanner25": {
      "templateId": "HomebaseBannerIcon:StandardBanner25",
      "attributes": {
        "item_seen": true
      },
      "quantity": 1
    },
    "HomebaseBannerIcon:StandardBanner26": {
      "templateId": "HomebaseBannerIcon:StandardBanner26",
      "attributes": {
        "item_seen": true
      },
      "quantity": 1
    },
    "HomebaseBannerIcon:StandardBanner27": {
      "templateId": "HomebaseBannerIcon:StandardBanner27",
      "attributes": {
        "item_seen": true
      },
      "quantity": 1
    },
    "HomebaseBannerIcon:StandardBanner28": {
      "templateId": "HomebaseBannerIcon:StandardBanner28",
      "attributes": {
        "item_seen": true
      },
      "quantity": 1
    },
    "HomebaseBannerIcon:StandardBanner29": {
      "templateId": "HomebaseBannerIcon:StandardBanner29",
      "attributes": {
        "item_seen": true
      },
      "quantity": 1
    },
    "HomebaseBannerIcon:StandardBanner30": {
      "templateId": "HomebaseBannerIcon:StandardBanner30",
      "attributes": {
        "item_seen": true
      },
      "quantity": 1
    },
    "HomebaseBannerIcon:StandardBanner31": {
      "templateId": "HomebaseBannerIcon:StandardBanner31",
      "attributes": {
        "item_seen": true
      },
      "quantity": 1
    }
  },
  "stats": {
    "attributes": {
      "survey_data": {},
      "personal_offers": {},
      "intro_game_played": true,
      "import_friends_claimed": {},
      "mtx_purchase_history": {
        "refundsUsed": 0,
        "refundCredits": 3,
        "purchases": []
      },
      "undo_cooldowns": [],
      "mtx_affiliate_set_time": "2024-12-13T03:51:56.381Z",
      "inventory_limit_bonus": 0,
      "current_mtx_platform": "EpicPC",
      "mtx_affiliate": "f",
      "forced_intro_played": "Coconut",
      "weekly_purchases": {},
      "daily_purchases": {},
      "ban_history": {},
      "in_app_purchases": {},
      "permissions": [],
      "undo_timeout": "min",
      "monthly_purchases": {},
      "allowed_to_send_gifts": true,
      "mfa_enabled": true,
      "allowed_to_receive_gifts": true,
      "gift_history": {}
    }
  },
  "commandRevision": 2
}