[
    {
        "namespace": "fn",
        "accountId": "epic",
        "creatorName": "Epic",
        "mnemonic": "reference_byepicnocompetitive_5",
        "linkType": "Reference",
        "metadata": {
        "ref_id": "CreativeDiscoverySurface_Frontend:ByEpicNoCompetitive",
        "ref_qty": 5,
        "feature_flags": [
            "bypass_rating_check"
        ],
        "ref_type": "CreativeDiscoverySurfacePanel"
        },
        "version": 1,
        "active": true,
        "disabled": false,
        "created": "2023-11-28T19:37:59.026Z",
        "published": "2023-11-28T19:37:59.026Z",
        "descriptionTags": [],
        "moderationStatus": "Unmoderated",
        "lastActivatedDate": "2023-11-28T19:37:59.033Z",
        "discoveryIntent": "PUBLIC"
    },
    {
        "namespace": "fn",
        "accountId": "epic",
        "creatorName": "Epic",
        "mnemonic": "playlist_defaultsolo",
        "linkType": "BR:Playlist",
        "metadata": {
            "parent_set": "set_br_playlists",
            "favorite_override": "set_br_playlists",
            "play_history_override": "set_br_playlists",
            "alt_title": {
                "de": "Solo",
                "ru": "В одиночку",
                "ko": "솔로",
                "pt-BR": "Solo",
                "en": "Solo",
                "it": "Singolo",
                "fr": "Solo",
                "zh-CN": "",
                "es": "En solitario",
                "es-MX": "En solitario",
                "zh": "",
                "ar": "فردي",
                "zh-Hant": "",
                "ja": "ソロ",
                "pl": "Solo",
                "es-419": "En solitario",
                "tr": "Tekli"
            },
            "image_url": "https://cdn2.unrealengine.com/28br-solo-640x360-25621afebbce.jpg",
            "product_tag": "Product.BR.Build.Solo",
            "image_urls": {
                "url_s": "https://cdn2.unrealengine.com/28br-solo-640x360-25621afebbce.jpg",
                "url_xs": "https://cdn2.unrealengine.com/28br-solo-640x360-25621afebbce.jpg",
                "url_m": "https://cdn2.unrealengine.com/28br-solo-640x360-25621afebbce.jpg",
                "url": "https://cdn2.unrealengine.com/28br-solo-640x360-25621afebbce.jpg"
            },
            "matchmaking": {
                "override_playlist": "playlist_defaultsolo"
            },
            "video_vuid": "taqdZkWyokbCyEFWld",
            "title": "Solo"
        },
        "version": 95,
        "active": true,
        "disabled": false,
        "created": "2021-10-01T00:56:43.870Z",
        "published": "2023-11-03T08:26:11.189Z",
        "descriptionTags": [],
        "moderationStatus": "Unmoderated"
    },
    {
        "namespace": "fn",
        "accountId": "epic",
        "creatorName": "Epic",
        "mnemonic": "playlist_defaultduo",
        "linkType": "BR:Playlist",
        "metadata": {
            "parent_set": "set_br_playlists",
            "favorite_override": "set_br_playlists",
            "play_history_override": "set_br_playlists",
            "alt_title": {
                "de": "Duo",
                "ru": "Парные сражения",
                "ko": "듀오",
                "pt-BR": "Duplas",
                "en": "Duo",
                "it": "Coppie",
                "fr": "Duos",
                "zh-CN": "",
                "es": "Dúos",
                "es-MX": "En dúo",
                "zh": "",
                "ar": "ثنائي",
                "zh-Hant": "",
                "ja": "デュオ",
                "pl": "Pary",
                "es-419": "En dúo",
                "tr": "Çiftli"
            },
            "image_url": "https://cdn2.unrealengine.com/28br-duos-640x360-da173e4efe4a.jpg",
            "product_tag": "Product.BR.Build.Duo",
            "image_urls": {
                "url_s": "https://cdn2.unrealengine.com/28br-duos-640x360-da173e4efe4a.jpg",
                "url_xs": "https://cdn2.unrealengine.com/28br-duos-640x360-da173e4efe4a.jpg",
                "url_m": "https://cdn2.unrealengine.com/28br-duos-640x360-da173e4efe4a.jpg",
                "url": "https://cdn2.unrealengine.com/28br-duos-640x360-da173e4efe4a.jpg"
            },
            "matchmaking": {
                "override_playlist": "playlist_defaultduo"
            },
            "video_vuid": "taqdZkWyokbCyEFWld",
            "title": "Duo"
        },
        "version": 95,
        "active": true,
        "disabled": false,
        "created": "2021-10-01T00:56:46.389Z",
        "published": "2023-11-03T08:25:34.690Z",
        "descriptionTags": [],
        "moderationStatus": "Unmoderated"
    },
    {
        "namespace": "fn",
        "accountId": "epic",
        "creatorName": "Epic",
        "mnemonic": "playlist_trios",
        "linkType": "BR:Playlist",
        "metadata": {
            "parent_set": "set_br_playlists",
            "favorite_override": "set_br_playlists",
            "play_history_override": "set_br_playlists",
            "alt_title": {
                "de": "Trio",
                "ru": "Трио",
                "ko": "트리오",
                "pt-BR": "Trios",
                "en": "Trio",
                "it": "Terzetti",
                "fr": "Trios",
                "zh-CN": "",
                "es": "Tríos",
                "es-MX": "En trío",
                "zh": "",
                "ar": "ثلاثي",
                "zh-Hant": "",
                "ja": "トリオ",
                "pl": "Trójki",
                "es-419": "En trío",
                "tr": "Üçlü"
            },
            "image_url": "https://cdn2.unrealengine.com/28br-trios-640x360-dd73038c39d3.jpg",
            "product_tag": "Product.BR.Build.Trio",
            "image_urls": {
                "url_s": "https://cdn2.unrealengine.com/28br-trios-640x360-dd73038c39d3.jpg",
                "url_xs": "https://cdn2.unrealengine.com/28br-trios-640x360-dd73038c39d3.jpg",
                "url_m": "https://cdn2.unrealengine.com/28br-trios-640x360-dd73038c39d3.jpg",
                "url": "https://cdn2.unrealengine.com/28br-trios-640x360-dd73038c39d3.jpg"
            },
            "matchmaking": {
                "override_playlist": "playlist_trios"
            },
            "video_vuid": "taqdZkWyokbCyEFWld",
            "title": "Trio"
        },
        "version": 95,
        "active": true,
        "disabled": false,
        "created": "2021-10-01T00:56:45.053Z",
        "published": "2023-11-03T08:28:43.403Z",
        "descriptionTags": [],
        "moderationStatus": "Unmoderated"
    },
    {
        "namespace": "fn",
        "accountId": "epic",
        "creatorName": "Epic",
        "mnemonic": "playlist_juno",
        "linkType": "BR:Playlist",
        "metadata": {
        "lobby_background_image_urls": {
            "url": "https://cdn2.unrealengine.com/juno-lobby-2560x1440-b8beae672ffb.png"
        },
        "frontend_plugin": "JunoFrontendUI",
        "image_url": "https://cdn2.unrealengine.com/legofn-disco-1920-1920x1080-c5f52d11a179.jpg",
        "requiresArbitratedWorldId": true,
        "image_urls": {
            "url_s": "https://cdn2.unrealengine.com/legofn-disco-480-480x270-c55546b444b3.jpg",
            "url_xs": "https://cdn2.unrealengine.com/legofn-disco-270-270x152-78c11b5032db.jpg",
            "url_m": "https://cdn2.unrealengine.com/legofn-disco-640-640x360-75aa197e5b17.jpg",
            "url": "https://cdn2.unrealengine.com/legofn-disco-1920-1920x1080-c5f52d11a179.jpg"
        },
        "matchmaking": {
            "override_playlist": "playlist_juno"
        },
        "title": "LEGO Fortnite",
        "alt_title": {
            "ar": "LEGO Fortnite",
            "de": "LEGO Fortnite",
            "ru": "LEGO Fortnite",
            "ko": "\ub808\uace0 \ud3ec\ud2b8\ub098\uc774\ud2b8",
            "pt-BR": "LEGO Fortnite",
            "ja": "LEGO Fortnite",
            "it": "LEGO Fortnite",
            "fr": "LEGO Fortnite",
            "pl": "LEGO Fortnite",
            "es": "LEGO Fortnite",
            "es-419": "LEGO Fortnite",
            "tr": "LEGO Fortnite"
        },
        "alt_tagline": {
            "ar": "\u0627\u0633\u062a\u0643\u0634\u0641 \u0639\u0648\u0627\u0644\u0645 \u0645\u0641\u062a\u0648\u062d\u0629 \u0634\u0627\u0633\u0639\u0629 \u062d\u064a\u062b \u064a\u062a\u0644\u0627\u0642\u0649 \u0633\u062d\u0631 \u0628\u0646\u0627\u0621 LEGO\u00ae \u0648Fortnite. \u0627\u0639\u062b\u0631 \u0639\u0644\u0649 \u0623\u0641\u0636\u0644 \u0645\u063a\u0627\u0645\u0631\u0629 LEGO \u0644\u0644\u0646\u062c\u0627\u0629 \u0641\u064a Fortnite!",
            "de": "Erkunde riesige offene Welten, in denen die Magie des Bauens von LEGO\u00ae und Fortnite aufeinandertreffen. In Fortnite findest du das ultimative LEGO-Abenteuer, in dem sich alles ums \u00dcberleben und Crafting dreht!",
            "ru": "\u0418\u0441\u0441\u043b\u0435\u0434\u0443\u0439\u0442\u0435 \u043e\u0433\u0440\u043e\u043c\u043d\u044b\u0435 \u043e\u0442\u043a\u0440\u044b\u0442\u044b\u0435 \u043c\u0438\u0440\u044b, \u0433\u0434\u0435 \u0441\u043e\u0435\u0434\u0438\u043d\u044f\u044e\u0442\u0441\u044f \u0447\u0443\u0434\u0435\u0441\u0430 \u0441\u0442\u0440\u043e\u0438\u0442\u0435\u043b\u044c\u0441\u0442\u0432\u0430 LEGO\u00ae \u0438 \u043f\u0440\u0438\u043a\u043b\u044e\u0447\u0435\u043d\u0438\u044f Fortnite. \u041e\u0442\u043f\u0440\u0430\u0432\u044c\u0442\u0435\u0441\u044c \u0432 \u043d\u0435\u0437\u0430\u0431\u044b\u0432\u0430\u0435\u043c\u043e\u0435 \u043f\u0443\u0442\u0435\u0448\u0435\u0441\u0442\u0432\u0438\u0435 \u0441 LEGO\u00ae \u0432 Fortnite \u0438 \u0441\u0434\u0435\u043b\u0430\u0439\u0442\u0435 \u0432\u0441\u0451, \u0447\u0442\u043e\u0431\u044b \u0432\u044b\u0436\u0438\u0442\u044c!",
            "ko": "\ub808\uace0\u00ae \uc870\ub9bd\uc758 \ub9c8\ubc95\uacfc \ud3ec\ud2b8\ub098\uc774\ud2b8\uac00 \ub9cc\ub098\ub294 \uad11\ub300\ud55c \uc624\ud508 \uc6d4\ub4dc\ub97c \ud0d0\ud5d8\ud574 \ubcf4\uc138\uc694. \ud3ec\ud2b8\ub098\uc774\ud2b8\uc5d0\uc11c \uad81\uadf9\uc758 \uc11c\ubc14\uc774\ubc8c \ud06c\ub798\ud504\ud305 \ub808\uace0 \uc5b4\ub4dc\ubca4\ucc98\ub97c \ub9cc\ub098 \ubcf4\uc138\uc694!",
            "pt-BR": "Explore vastos mundos abertos onde a magia da constru\u00e7\u00e3o LEGO\u00ae encontra o Fortnite. Descubra a mais completa aventura LEGO\u00ae de cria\u00e7\u00e3o e sobreviv\u00eancia no Fortnite!",
            "ja": "LEGO\u00ae\u306e\u5efa\u7bc9\u306e\u9b54\u6cd5\u3068\u30d5\u30a9\u30fc\u30c8\u30ca\u30a4\u30c8\u304c\u51fa\u4f1a\u3046\u3001\u5e83\u5927\u306a\u30aa\u30fc\u30d7\u30f3\u30ef\u30fc\u30eb\u30c9\u3092\u63a2\u7d22\u3057\u3088\u3046\u3002 \u7a76\u6975\u306e\u30b5\u30d0\u30a4\u30d0\u30eb\u30fb\u30af\u30e9\u30d5\u30c8LEGO\u30a2\u30c9\u30d9\u30f3\u30c1\u30e3\u30fc\u3092\u30d5\u30a9\u30fc\u30c8\u30ca\u30a4\u30c8\u3067\uff01",
            "it": "Esplora vasti mondi aperti dove Fortnite incontra la magia delle costruzioni LEGO\u00ae. L'avventura LEGO definitiva ti aspetta in Fortnite!",
            "fr": "Explorez de vastes mondes ouverts o\u00f9 les univers de Fortnite et LEGO\u00ae s'entrem\u00ealent pour un r\u00e9sultat haut en couleur ! Vivez une formidable exp\u00e9rience de survie et de construction LEGO dans Fortnite !",
            "pl": "Eksploruj rozleg\u0142e, otwarte \u015bwiaty, w kt\u00f3rych magia budowania LEGO\u00ae \u0142\u0105czy si\u0119 z Fortnite. Odkryj w Fortnite niesamowit\u0105 przygod\u0119 LEGO z elementami przetrwania i wytwarzania!",
            "es": "Explora gigantescos mundos abiertos en los que la magia de la construcci\u00f3n de LEGO\u00ae se mezcla con Fortnite. \u00a1Descubre la aventura de supervivencia y construcci\u00f3n definitiva de LEGO en Fortnite!",
            "es-419": "Explora vastos mundos abiertos donde la magia de la construcci\u00f3n de LEGO\u00ae y Fortnite se fusionan. \u00a1Descubre la aventura de supervivencia y fabricaci\u00f3n definitiva de LEGO\u00ae en Fortnite!",
            "tr": "B\u00fcy\u00fcl\u00fc LEGO\u00ae yap\u0131lar\u0131n\u0131n Fortnite ile bulu\u015ftu\u011fu muazzam a\u00e7\u0131k d\u00fcnyalar\u0131 ke\u015ffet. Hayatta kalma ve \u00fcretim temal\u0131 muhte\u015fem bir LEGO maceras\u0131 \u015fimdi Fortnite'ta!"
        },
        "feature_flags": [
            "has_custom_ui"
        ],
        "product_tag": "Product.Juno",
        "tagline": "Explore vast, open worlds where the magic of LEGO\u00ae building and Fortnite collide. Find the ultimate survival crafting LEGO adventure in Fortnite!"
        },
        "version": 1,
        "active": true,
        "disabled": false,
        "created": "2022-08-11T20:17:42.128Z",
        "published": "2023-11-07T23:01:02.564Z",
        "descriptionTags": [],
        "moderationStatus": "Unmoderated",
        "lastActivatedDate": "2022-08-11T20:17:42.132Z",
        "discoveryIntent": "PUBLIC"
    },
    {
        "namespace": "fn",
        "accountId": "epic",
        "creatorName": "Epic",
        "mnemonic": "playlist_defaultsquad",
        "linkType": "BR:Playlist",
        "metadata": {
            "parent_set": "set_br_playlists",
            "favorite_override": "set_br_playlists",
            "play_history_override": "set_br_playlists",
            "alt_title": {
                "de": "Team",
                "ru": "Бои отрядов",
                "ko": "스쿼드",
                "pt-BR": "Esquadrões",
                "en": "Squad",
                "it": "Squadre",
                "fr": "Sections",
                "zh-CN": "",
                "es": "Escuadrones",
                "es-MX": "En escuadrón",
                "zh": "",
                "ar": "فِرق",
                "zh-Hant": "",
                "ja": "スクワッド",
                "pl": "Oddziały",
                "es-419": "En escuadrón",
                "tr": "Ekipli"
            },
            "image_url": "https://cdn2.unrealengine.com/28br-squads-640x360-bea6eb4f791e.jpg",
            "product_tag": "Product.BR.Build.Squad",
            "image_urls": {
                "url_s": "https://cdn2.unrealengine.com/28br-squads-640x360-bea6eb4f791e.jpg",
                "url_xs": "https://cdn2.unrealengine.com/28br-squads-640x360-bea6eb4f791e.jpg",
                "url_m": "https://cdn2.unrealengine.com/28br-squads-640x360-bea6eb4f791e.jpg",
                "url": "https://cdn2.unrealengine.com/28br-squads-640x360-bea6eb4f791e.jpg"
            },
            "tagline": "",
            "matchmaking": {
                "override_playlist": "playlist_defaultsquad"
            },
            "video_vuid": "DpfVjiXQaFTRgOaGFE",
            "title": "Squad"
        },
        "version": 95,
        "active": true,
        "disabled": false,
        "created": "2021-10-01T00:56:42.938Z",
        "published": "2023-11-03T08:25:06.100Z",
        "descriptionTags": [],
        "moderationStatus": "Unmoderated"
    },
    {
        "namespace": "fn",
        "accountId": "epic",
        "creatorName": "Epic",
        "mnemonic": "playlist_durian",
        "linkType": "BR:Playlist",
        "metadata": {
            "alt_title": {
                "de": "Der Große Knall",
                "ru": "Большой взрыв",
                "ko": "빅뱅",
                "pt-BR": "O Big Bang",
                "en": "The Big Bang",
                "it": "Big bang",
                "fr": "Big Bang",
                "zh-CN": "",
                "es": "El Big Bang",
                "es-MX": "El Big Bang",
                "zh": "",
                "ar": "الانفجار الكوني",
                "zh-Hant": "",
                "ja": "ビッグバン",
                "pl": "Wielki Wybuch",
                "es-419": "El Big Bang",
                "tr": "Büyük Patlama"
            },
            "alt_tagline": {
                "de": "Erlebe einen neuen Anfang, bei dem sogar Eminem auftaucht. Das ist aber kein Konzert ... Es ist Der Große Knall! \r\n WARNUNG ZU LICHTEMPFINDLICHKEIT/EPILEPSIE: Das Event enthält aufblitzende Lichter. UNTERBRICH DEINE TEILNAHME SOFORT, falls du dich unwohl fühlst.",
                "ru": "Новое начало, новое событие с Эминемом. Не концерт, а самый настоящий.. Большой взрыв! ПОВЫШЕННАЯ СВЕТОЧУВСТВИТЕЛЬНОСТЬРИСК ЭПИЛЕПТИЧЕСКОГО ПРИСТУПА: в событии используется мигающий свет. НЕЗАМЕДЛИТЕЛЬНО ПОКИНЬТЕ ОСТРОВ, если почувствуете какой-либо дискомфорт.",
                "ko": "에미넴이 등장하는 새로운 시작을 경험하세요. 콘서트가 아닙니다... 바로 '빅뱅'입니다! 광과민성 발작 경고: 이 이벤트에는 깜빡이는 조명이 포함되어 있습니다. 불편함을 느끼는 경우 즉시 시청을 중단해야 합니다.",
                "pt-BR": "Vivencie um novo começo com uma aparição especial de Eminem. Não é uma apresentação... é o Big Bang! AVISO DE FOTOSSENSIBILIDADE/CONVULSÃO: o evento conta com luzes piscantes. SAIA IMEDIATAMENTE se sentir algum desconforto.",
                "it": "Vivi un nuovo inizio con la partecipazione di Eminem. Non è un concerto... è il Big bang! AVVISO FOTOSENSIBILITÀ/EPILESSIA - Luci lampeggianti utilizzate nell'evento INTERROMPI IMMEDIATAMENTE se avverti qualsiasi disagio.",
                "fr": "Vivez un nouveau départ en compagnie d'Eminem. Mais ce n'est pas un concert... c'est le Big Bang ! AVERTISSEMENT PHOTOSENSIBILITÉ/ÉPILEPSIE : Cet événement contient des lumières clignotantes. En cas de sensation de gêne, ARRÊTEZ IMMÉDIATEMENT.",
                "zh-CN": "",
                "es": "Vive un nuevo comienzo, con la aparición de Eminem. Aunque esto no es un concierto... ¡Esto es El Big Bang! AVISO DE FOTOSENSIBILIDAD/EPILEPSIA: El evento incluye luces intermitentes. ABANDONA DE INMEDIATO EL EVENTO si notas cualquier molestia.",
                "es-MX": "Sé parte de un nuevo comienzo con la participación de Eminem.Pero esto no es un concierto... ¡es El Big Bang! ADVERTENCIA DE FOTOSENSIBILIDAD/ATAQUES EPILÉPTICOS: el evento tiene luces intermitentes. ABANDONA EL EVENTO DE INMEDIATO si sientes alguna molestia.",
                "zh": "",
                "ar": "استمتع ببداية جديدة، تتضمّن ظهور إيمينم. لكن هذا ليس حفلًا غنائيًا... إنه الانفجار الكوني! تحذير من حساسية الضوء/ نوبات الصرع: يتضمن هذا الحدث أضواء وامضة. غادر فورًا إذا شعرت بأي توعك.",
                "zh-Hant": "",
                "ja": "Eminemの登場と共に新たな始まりを体験しよう。しかし、これはコンサートではない… ビッグバンだ！ 光過敏性発作/てんかん発作に関するご注意: このイベントでは点滅する光が表示されます。気分が悪くなった場合には、即座に退出するようにしてください。",
                "pl": "Zobacz na własne oczy nowy początek – i to z udziałem Eminema. Ale to nie koncert... to Wielki Wybuch! OSTRZEŻENIE DLA OSÓB CIERPIĄCYCH NA EPILEPSJĘ FOTOGENNĄ: podczas wydarzenia pojawią się migoczące światła. Jeśli doświadczysz jakiegokolwiek dyskomfortu, NATYCHMIAST PRZERWIJ GRĘ.",
                "es-419": "Sé parte de un nuevo comienzo con la participación de Eminem.Pero esto no es un concierto... ¡es El Big Bang! ADVERTENCIA DE FOTOSENSIBILIDAD/ATAQUES EPILÉPTICOS: el evento tiene luces intermitentes. ABANDONA EL EVENTO DE INMEDIATO si sientes alguna molestia.",
                "tr": "Eminem'le birlikte yeni bir başlangıcı deneyimle! Ama bu bir konser değil... Bu Büyük Patlama! IŞIĞA DUYARLILIK/KRİZ UYARISI: Bu etkinlik, yanıp sönen ışıklar içerir. Herhangi bir rahatsızlık hissettiğin takdirde oynamayı ANINDA BIRAK."
            },
            "image_url": "https://cdn2.unrealengine.com/durianplaylisttile-1920x1080-29e3df9ddaac.jpg",
            "tagline": "Experience a new beginning, featuring an appearance by Eminem. But this isn't a concert...it's The Big Bang! \r\n PHOTOSENSITIVITY/SEIZURES WARNING: The event has flashing lights. IMMEDIATELY DISCONTINUE if you experience any discomfort.",
            "image_urls": {
                "url_s": "https://cdn2.unrealengine.com/durianplaylisttile-1920x1080-29e3df9ddaac.jpg",
                "url_xs": "https://cdn2.unrealengine.com/durianplaylisttile-1920x1080-29e3df9ddaac.jpg",
                "url_m": "https://cdn2.unrealengine.com/durianplaylisttile-1920x1080-29e3df9ddaac.jpg",
                "url": "https://cdn2.unrealengine.com/durianplaylisttile-1920x1080-29e3df9ddaac.jpg"
            },
            "matchmaking": {
                "override_playlist": "playlist_durian"
            },
            "video_vuid": "",
            "title": "The Big Bang"
        },
        "version": 95,
        "active": true,
        "disabled": false,
        "created": "2021-10-01T00:56:42.938Z",
        "published": "2023-11-03T08:25:06.100Z",
        "descriptionTags": [],
        "moderationStatus": "Unmoderated"
    },
    {
    "namespace": "fn",
    "accountId": "epic",
    "creatorName": "Epic",
    "mnemonic": "playlist_papaya",
    "linkType": "BR:Playlist",
    "metadata": {
        "alt_title": {
        "de": "Party Royale",
        "ru": "Королевская вечеринка",
        "ko": "파티로얄",
        "pt-BR": "Festa Royale",
        "it": "Party Reale",
        "fr": "Fête royale",
        "zh-CN": "",
        "es": "Fiesta magistral",
        "es-MX": "Fiesta campal",
        "zh": "",
        "ar": "الحفل الملكي",
        "zh-Hant": "",
        "ja": "パーティーロイヤル",
        "pl": "Królewska Impreza",
        "es-419": "Fiesta campal",
        "tr": "Çılgın Parti"
        },
        "alt_tagline": {
        "ar": "أهلًا إلى الحفلة! اترك الأسلحة والمواد الخاصة بك واقض الوقت مع الأصدقاء والعب الألعاب وتمرن حتى الاحتراف على القفز الحر والمزيد غير ذلك. الحفلة قد بدأت للتو!",
        "de": "Willkommen zur Party! Lass deine Waffen und Materialien zu Hause. Hänge mit Freunden ab, spiele etwas und übe den freien Fall. Erlebe all das und noch mehr. Die Party hat gerade erst begonnen!",
        "ru": "Добро пожаловать на вечеринку! Отложите оружие и стройматериалы в сторону! Веселитесь с друзьями, играйте, наслаждайтесь свободным падением и не только. Вечеринка только начинается!",
        "ko": "파티에 오신 것을 환영합니다! 무기와 자원은 잠시 내려놓고, 친구들과 함께 게임을 플레이하고, 스카이다이빙 실력을 다지는 등 다양한 게임플레이를 즐겨보세요! 파티는 이제 시작입니다!",
        "pt-BR": "Boas-vindas à Festa! Deixe suas armas e materiais para trás e entre com amigos, divirta-se com jogos, aperfeiçoe sua queda livre e mais. A festa está só começando!",
        "ja": "パーティーへようこそ！ 武器や素材については今は忘れ、フレンドと遊んだり、ゲームをプレイしたり、スカイダイビングを極めたりしよう。パーティーは始まったばかりだ！",
        "it": "Il nostro benvenuto al party! Lasciati armi e materiali alle spalle e divertiti con gli amici, gioca, perfeziona lo skydiving e tante altre cose ancora. La festa è appena cominciata!",
        "fr": "Bienvenue à la fête ! Laissez vos armes et votre matos au vestiaire et venez vous éclater entre potes, jouer à des jeux, faire de la chute en planeur et plus encore. La fête ne fait que commencer !",
        "pl": "Witaj na imprezie! Zostaw broń i materiały i baw się ze znajomymi – graj w gry, ćwicz szybowanie i nie tylko! Impreza dopiero się zaczyna!",
        "es": "¡Te damos la bienvenida a la fiesta! Deja atrás tus armas y materiales, y queda con tus amigos, juega a modos de juego, perfecciona tu técnica de paracaidismo y mucho más. ¡La fiesta acaba de empezar!",
        "es-419": "¡Te damos la bienvenida a la fiesta! Deja atrás tus armas y materiales, pasa el rato con amigos, juega partidas, perfecciona tu caída libre y mucho más. ¡La fiesta acaba de empezar!",
        "tr": "Partiye hoş geldin! Silah ve materyallerini geride bırak; arkadaşlarınla vakit geçir, oyunlar oyna, hava dalışında mükemmelliğe ulaş... Parti daha yeni başlıyor!"
        },
        "image_url": "https://static-assets-prod.s3.amazonaws.com/fn/static/1p/partyroyale-1920-1920x1080-7001724bc7ab_s.jpg",
        "image_urls": {
        "url_s": "https://static-assets-prod.s3.amazonaws.com/fn/static/1p/partyroyale-1920-1920x1080-7001724bc7ab_s.jpg",
        "url_xs": "https://static-assets-prod.s3.amazonaws.com/fn/static/1p/partyroyale-1920-1920x1080-7001724bc7ab_s.jpg",
        "url_m": "https://static-assets-prod.s3.amazonaws.com/fn/static/1p/partyroyale-1920-1920x1080-7001724bc7ab_s.jpg",
        "url": "https://static-assets-prod.s3.amazonaws.com/fn/static/1p/partyroyale-1920-1920x1080-7001724bc7ab_s.jpg"
        },
        "tagline": "Welcome to the Party! Leave your weapons and mats behind and hang out with friends, play games, perfect your skydive and more. The party’s just getting started!",
        "matchmaking": {
        "override_playlist": "playlist_papaya"
        },
        "title": "Party Royale"
    },
    "version": 95,
    "active": true,
    "disabled": false,
    "created": "2021-10-01T00:56:45.010Z",
    "published": "2021-08-03T15:27:20.251Z",
    "descriptionTags": [],
    "moderationStatus": "Approved",
    "discoveryIntent": "PUBLIC"
    },
    {
        "namespace": "fn",
        "accountId": "epic",
        "creatorName": "Epic",
        "mnemonic": "set_br_playlists",
        "linkType": "ModeSet",
        "metadata": {
            "image_url": "https://static-assets-prod.s3.amazonaws.com/fn/static/1p/28BR_Launch1920_v2.jpg",
            "image_urls": {
                "url_s": "https://static-assets-prod.s3.amazonaws.com/fn/static/1p/28BR_Launch480_v2_s.jpg",
                "url_xs": "https://static-assets-prod.s3.amazonaws.com/fn/static/1p/28BR_Launch256_v2_s.jpg",
                "url_m": "https://static-assets-prod.s3.amazonaws.com/fn/static/1p/28BR_Launch640_v2_s.jpg",
                "url": "https://static-assets-prod.s3.amazonaws.com/fn/static/1p/28BR_Launch1920_v2.jpg"
            },
            "title": "Battle Royale",
            "locale": "en",
            "video_vuid": "DpfVjiXQaFTRgOaGFE",
            "sub_link_codes": [
                "playlist_defaultsolo",
                "playlist_defaultduo",
                "playlist_trios",
                "playlist_defaultsquad"
            ],
            "alt_title": {
                "de": "Battle Royale",
                "ru": "Королевская битва",
                "ko": "배틀로얄",
                "pt-BR": "Battle Royale",
                "it": "Battaglia reale",
                "fr": "Battle Royale",
                "zh-CN": "",
                "es": "Battle Royale",
                "es-MX": "Batalla campal",
                "zh": "",
                "ar": "باتل رويال",
                "zh-Hant": "",
                "ja": "バトルロイヤル",
                "pl": "Battle Royale",
                "es-419": "Batalla campal",
                "tr": "Battle Royale"
            },
            "alt_tagline": {
                "de": "Überlebe allein in einer Schlacht bis auf den letzten Spieler.",
                "ru": "Отправляйтесь на битву в одиночку и переживите всех соперников.",
                "ko": "죽느냐 사느냐... 혼자서 싸우는 서바이벌 혈투!",
                "pt-BR": "Entre sozinho em uma batalha para ser o último sobrevivente.",
                "it": "Combatti in solitaria fino a diventare l'ultimo superstite.",
                "fr": "Combattez en solitaire et soyez le dernier survivant.",
                "zh-CN": "",
                "es": "Entra en solitario en un combate para ser el último en pie.",
                "es-MX": "Entra por tu cuenta a un combate y pelea hasta que solo quedes tú en pie.",
                "zh": "",
                "ar": "خُض المعركة بمفردك لتصبح آخر من يتبقى من اللاعبين.",
                "zh-Hant": "",
                "ja": "単身でバトルに飛び込み、最後の1人になるまで生き残れ。",
                "pl": "Walcz samotnie w bitwie do ostatniego.",
                "es-419": "Entra por tu cuenta a un combate y pelea hasta que solo quedes tú en pie.",
                "tr": "Savaşa tek başına gir ve hayatta kalan son kişi ol."
            },
            "product_tag": "Product.BR.Build",
            "fallback_links": {
                "graceful": "playlist_respawn_24_alt"
            },
            "tagline": "The battle is building! \r\n Drop into the Battle Royale. Loot, build, explore, and fight in a game of 100 players competing to be the last one standing.",
            "corresponding_sets": {
                "ranked": "set_habanero_playlists"
            },
            "default_sub_link_code": "playlist_defaultsquad"
        },
        "version": 1,
        "active": true,
        "disabled": false,
        "created": "2022-06-30T17:57:54.767Z",
        "published": "2023-11-16T17:00:34.973Z",
        "descriptionTags": [],
        "moderationStatus": "Approved",
        "lastActivatedDate": "2022-06-30T17:57:54.770Z",
        "discoveryIntent": "PUBLIC"
    }
]