[
    {
        "eventTemplateId": "eventTemplate_Arena_S13_Division1_Solo",
        "gameId": "Fortnite",
        "matchcap": 0,
        "persistentScoreId": "Hype",
        "playlistId": "Playlist_ShowdownAlt_Solo",
        "scoringRules": [
            {
                "matchRule": "gtw",
                "rewardTiers": [
                    {
                        "keyValue": 1,
                        "multiplicative": false,
                        "pointsEarned": 0
                    }
                ],
                "trackedStat": "MATCH_PLAYED_STAT"
            },
            {
                "matchRule": "lte",
                "rewardTiers": [
                    {
                        "keyValue": 1,
                        "multiplicative": false,
                        "pointsEarned": 60
                    },
                    {
                        "keyValue": 5,
                        "multiplicative": false,
                        "pointsEarned": 30
                    },
                    {
                        "keyValue": 25,
                        "multiplicative": false,
                        "pointsEarned": 60
                    }
                ],
                "trackedStat": "PLACEMENT_STAT_INDEX"
            },
            {
                "matchRule": "gte",
                "rewardTiers": [
                    {
                        "keyValue": 1,
                        "multiplicative": true,
                        "pointsEarned": 20
                    }
                ],
                "trackedStat": "TEAM_ELIMS_STAT_INDEX"
            }
        ]
    },
    {
        "eventTemplateId": "eventTemplate_Arena_S13_Division2_Solo",
        "gameId": "Fortnite",
        "matchcap": 0,
        "persistentScoreId": "Hype",
        "playlistId": "Playlist_ShowdownAlt_Solo",
        "scoringRules": [
            {
                "matchRule": "gtw",
                "rewardTiers": [
                    {
                        "keyValue": 1,
                        "multiplicative": false,
                        "pointsEarned": 0
                    }
                ],
                "trackedStat": "MATCH_PLAYED_STAT"
            },
            {
                "matchRule": "lte",
                "rewardTiers": [
                    {
                        "keyValue": 1,
                        "multiplicative": false,
                        "pointsEarned": 60
                    },
                    {
                        "keyValue": 5,
                        "multiplicative": false,
                        "pointsEarned": 30
                    },
                    {
                        "keyValue": 25,
                        "multiplicative": false,
                        "pointsEarned": 60
                    }
                ],
                "trackedStat": "PLACEMENT_STAT_INDEX"
            },
            {
                "matchRule": "gte",
                "rewardTiers": [
                    {
                        "keyValue": 1,
                        "multiplicative": true,
                        "pointsEarned": 20
                    }
                ],
                "trackedStat": "TEAM_ELIMS_STAT_INDEX"
            }
        ]
    },
    {
        "eventTemplateId": "eventTemplate_Arena_S13_Division3_Solo",
        "gameId": "Fortnite",
        "matchcap": 0,
        "persistentScoreId": "Hype",
        "playlistId": "Playlist_ShowdownAlt_Solo",
        "scoringRules": [
            {
                "matchRule": "gtw",
                "rewardTiers": [
                    {
                        "keyValue": 1,
                        "multiplicative": false,
                        "pointsEarned": -10
                    }
                ],
                "trackedStat": "MATCH_PLAYED_STAT"
            },
            {
                "matchRule": "lte",
                "rewardTiers": [
                    {
                        "keyValue": 1,
                        "multiplicative": false,
                        "pointsEarned": 60
                    },
                    {
                        "keyValue": 5,
                        "multiplicative": false,
                        "pointsEarned": 30
                    },
                    {
                        "keyValue": 25,
                        "multiplicative": false,
                        "pointsEarned": 60
                    }
                ],
                "trackedStat": "PLACEMENT_STAT_INDEX"
            },
            {
                "matchRule": "gte",
                "rewardTiers": [
                    {
                        "keyValue": 1,
                        "multiplicative": true,
                        "pointsEarned": 20
                    }
                ],
                "trackedStat": "TEAM_ELIMS_STAT_INDEX"
            }
        ]
    },
    {
        "eventTemplateId": "eventTemplate_Arena_S13_Division4_Solo",
        "gameId": "Fortnite",
        "matchcap": 0,
        "persistentScoreId": "Hype",
        "playlistId": "Playlist_ShowdownAlt_Solo",
        "scoringRules": [
            {
                "matchRule": "gtw",
                "rewardTiers": [
                    {
                        "keyValue": 1,
                        "multiplicative": false,
                        "pointsEarned": -20
                    }
                ],
                "trackedStat": "MATCH_PLAYED_STAT"
            },
            {
                "matchRule": "lte",
                "rewardTiers": [
                    {
                        "keyValue": 1,
                        "multiplicative": false,
                        "pointsEarned": 60
                    },
                    {
                        "keyValue": 5,
                        "multiplicative": false,
                        "pointsEarned": 30
                    },
                    {
                        "keyValue": 25,
                        "multiplicative": false,
                        "pointsEarned": 60
                    }
                ],
                "trackedStat": "PLACEMENT_STAT_INDEX"
            },
            {
                "matchRule": "gte",
                "rewardTiers": [
                    {
                        "keyValue": 1,
                        "multiplicative": true,
                        "pointsEarned": 20
                    }
                ],
                "trackedStat": "TEAM_ELIMS_STAT_INDEX"
            }
        ]
    },
    {
        "eventTemplateId": "eventTemplate_Arena_S13_Division5_Solo",
        "gameId": "Fortnite",
        "matchcap": 0,
        "persistentScoreId": "Hype",
        "playlistId": "Playlist_ShowdownAlt_Solo",
        "scoringRules": [
            {
                "matchRule": "gtw",
                "rewardTiers": [
                    {
                        "keyValue": 1,
                        "multiplicative": false,
                        "pointsEarned": -40
                    }
                ],
                "trackedStat": "MATCH_PLAYED_STAT"
            },
            {
                "matchRule": "lte",
                "rewardTiers": [
                    {
                        "keyValue": 1,
                        "multiplicative": false,
                        "pointsEarned": 60
                    },
                    {
                        "keyValue": 5,
                        "multiplicative": false,
                        "pointsEarned": 30
                    },
                    {
                        "keyValue": 25,
                        "multiplicative": false,
                        "pointsEarned": 60
                    }
                ],
                "trackedStat": "PLACEMENT_STAT_INDEX"
            },
            {
                "matchRule": "gte",
                "rewardTiers": [
                    {
                        "keyValue": 1,
                        "multiplicative": true,
                        "pointsEarned": 20
                    }
                ],
                "trackedStat": "TEAM_ELIMS_STAT_INDEX"
            }
        ]
    },
    {
        "eventTemplateId": "eventTemplate_Arena_S13_Division6_Solo",
        "gameId": "Fortnite",
        "matchcap": 0,
        "persistentScoreId": "Hype",
        "playlistId": "Playlist_ShowdownAlt_Solo",
        "scoringRules": [
            {
                "matchRule": "gtw",
                "rewardTiers": [
                    {
                        "keyValue": 1,
                        "multiplicative": false,
                        "pointsEarned": -40
                    }
                ],
                "trackedStat": "MATCH_PLAYED_STAT"
            },
            {
                "matchRule": "lte",
                "rewardTiers": [
                    {
                        "keyValue": 1,
                        "multiplicative": false,
                        "pointsEarned": 60
                    },
                    {
                        "keyValue": 5,
                        "multiplicative": false,
                        "pointsEarned": 30
                    },
                    {
                        "keyValue": 25,
                        "multiplicative": false,
                        "pointsEarned": 60
                    }
                ],
                "trackedStat": "PLACEMENT_STAT_INDEX"
            },
            {
                "matchRule": "gte",
                "rewardTiers": [
                    {
                        "keyValue": 1,
                        "multiplicative": true,
                        "pointsEarned": 20
                    }
                ],
                "trackedStat": "TEAM_ELIMS_STAT_INDEX"
            }
        ]
    },
    {
        "eventTemplateId": "eventTemplate_Arena_S13_Division7_Solo",
        "gameId": "Fortnite",
        "matchcap": 0,
        "persistentScoreId": "Hype",
        "playlistId": "Playlist_ShowdownAlt_Solo",
        "scoringRules": [
            {
                "matchRule": "gtw",
                "rewardTiers": [
                    {
                        "keyValue": 1,
                        "multiplicative": false,
                        "pointsEarned": -50
                    }
                ],
                "trackedStat": "MATCH_PLAYED_STAT"
            },
            {
                "matchRule": "lte",
                "rewardTiers": [
                    {
                        "keyValue": 1,
                        "multiplicative": false,
                        "pointsEarned": 60
                    },
                    {
                        "keyValue": 5,
                        "multiplicative": false,
                        "pointsEarned": 30
                    },
                    {
                        "keyValue": 25,
                        "multiplicative": false,
                        "pointsEarned": 60
                    }
                ],
                "trackedStat": "PLACEMENT_STAT_INDEX"
            },
            {
                "matchRule": "gte",
                "rewardTiers": [
                    {
                        "keyValue": 1,
                        "multiplicative": true,
                        "pointsEarned": 20
                    }
                ],
                "trackedStat": "TEAM_ELIMS_STAT_INDEX"
            }
        ]
    },
    {
        "eventTemplateId": "eventTemplate_Arena_S13_Division8_Solo",
        "gameId": "Fortnite",
        "matchcap": 0,
        "persistentScoreId": "Hype",
        "playlistId": "Playlist_ShowdownAlt_Solo",
        "scoringRules": [
            {
                "matchRule": "gtw",
                "rewardTiers": [
                    {
                        "keyValue": 1,
                        "multiplicative": false,
                        "pointsEarned": -60
                    }
                ],
                "trackedStat": "MATCH_PLAYED_STAT"
            },
            {
                "matchRule": "lte",
                "rewardTiers": [
                    {
                        "keyValue": 1,
                        "multiplicative": false,
                        "pointsEarned": 60
                    },
                    {
                        "keyValue": 5,
                        "multiplicative": false,
                        "pointsEarned": 30
                    },
                    {
                        "keyValue": 25,
                        "multiplicative": false,
                        "pointsEarned": 60
                    }
                ],
                "trackedStat": "PLACEMENT_STAT_INDEX"
            },
            {
                "matchRule": "gte",
                "rewardTiers": [
                    {
                        "keyValue": 1,
                        "multiplicative": true,
                        "pointsEarned": 20
                    }
                ],
                "trackedStat": "TEAM_ELIMS_STAT_INDEX"
            }
        ]
    },
    {
        "eventTemplateId": "eventTemplate_Arena_S13_Division9_Solo",
        "gameId": "Fortnite",
        "matchcap": 0,
        "persistentScoreId": "Hype",
        "playlistId": "Playlist_ShowdownAlt_Solo",
        "scoringRules": [
            {
                "matchRule": "gtw",
                "rewardTiers": [
                    {
                        "keyValue": 1,
                        "multiplicative": false,
                        "pointsEarned": -70
                    }
                ],
                "trackedStat": "MATCH_PLAYED_STAT"
            },
            {
                "matchRule": "lte",
                "rewardTiers": [
                    {
                        "keyValue": 1,
                        "multiplicative": false,
                        "pointsEarned": 60
                    },
                    {
                        "keyValue": 5,
                        "multiplicative": false,
                        "pointsEarned": 30
                    },
                    {
                        "keyValue": 25,
                        "multiplicative": false,
                        "pointsEarned": 60
                    }
                ],
                "trackedStat": "PLACEMENT_STAT_INDEX"
            },
            {
                "matchRule": "gte",
                "rewardTiers": [
                    {
                        "keyValue": 1,
                        "multiplicative": true,
                        "pointsEarned": 20
                    }
                ],
                "trackedStat": "TEAM_ELIMS_STAT_INDEX"
            }
        ]
    },
    {
        "eventTemplateId": "eventTemplate_Arena_S13_Division10_Solo",
        "gameId": "Fortnite",
        "matchcap": 0,
        "persistentScoreId": "Hype",
        "playlistId": "Playlist_ShowdownAlt_Solo",
        "scoringRules": [
            {
                "matchRule": "gtw",
                "rewardTiers": [
                    {
                        "keyValue": 1,
                        "multiplicative": false,
                        "pointsEarned": -80
                    }
                ],
                "trackedStat": "MATCH_PLAYED_STAT"
            },
            {
                "matchRule": "lte",
                "rewardTiers": [
                    {
                        "keyValue": 1,
                        "multiplicative": false,
                        "pointsEarned": 60
                    },
                    {
                        "keyValue": 5,
                        "multiplicative": false,
                        "pointsEarned": 30
                    },
                    {
                        "keyValue": 25,
                        "multiplicative": false,
                        "pointsEarned": 60
                    }
                ],
                "trackedStat": "PLACEMENT_STAT_INDEX"
            },
            {
                "matchRule": "gte",
                "rewardTiers": [
                    {
                        "keyValue": 1,
                        "multiplicative": true,
                        "pointsEarned": 20
                    }
                ],
                "trackedStat": "TEAM_ELIMS_STAT_INDEX"
            }
        ]
    }
]