{
    "namespace": "fn",
    "accountId": "epic",
    "creatorName": "Epic",
    "mnemonic": "playlist_defaultsolo",
    "linkType": "BR:Playlist",
    "metadata": {
        "parent_set": "set_br_playlists",
        "favorite_override": "set_br_playlists",
        "play_history_override": "set_br_playlists",
        "alt_title": {
            "de": "Solo",
            "ru": "В одиночку",
            "ko": "솔로",
            "pt-BR": "Solo",
            "en": "Solo",
            "it": "Singolo",
            "fr": "Solo",
            "zh-CN": "",
            "es": "En solitario",
            "es-MX": "En solitario",
            "zh": "",
            "ar": "فردي",
            "zh-Hant": "",
            "ja": "ソロ",
            "pl": "Solo",
            "es-419": "En solitario",
            "tr": "Tekli"
        },
        "image_url": "https://cdn2.unrealengine.com/ogbr-solo-640-640x360-0f92e118028a.jpg",
        "product_tag": "Product.BR.Build.Solo",
        "image_urls": {
            "url_s": "https://cdn2.unrealengine.com/ogbr-solo-640-640x360-0f92e118028a.jpg",
            "url_xs": "https://cdn2.unrealengine.com/ogbr-solo-640-640x360-0f92e118028a.jpg",
            "url_m": "https://cdn2.unrealengine.com/ogbr-solo-640-640x360-0f92e118028a.jpg",
            "url": "https://cdn2.unrealengine.com/ogbr-solo-640-640x360-0f92e118028a.jpg"
        },
        "matchmaking": {
            "override_playlist": "playlist_defaultsolo"
        },
        "video_vuid": "taqdZkWyokbCyEFWld",
        "title": "Solo"
    },
    "version": 95,
    "active": true,
    "disabled": false,
    "created": "2021-10-01T00:56:43.870Z",
    "published": "2023-11-03T08:26:11.189Z",
    "descriptionTags": [],
    "moderationStatus": "Unmoderated"
}